source1_entity_id	true_entity_id	true_source	previous_status	new_status	previous_reason	new_reason
S1-740270062	S3-942683049	S3	CANDIDATE_MISSING	CANDIDATE_MISSING	address_digit_variation	address_digit_variation
S1-108551334	S3-346161986	S3	CANDIDATE_MISSING	CANDIDATE_MISSING	missing_address_field	missing_address_field
S1-261865426	S2-583769145	S2	CANDIDATE_MISSING	CANDIDATE_MISSING	missing_address_field	missing_address_field
S1-200656762	S3-306285135	S3	CANDIDATE_MISSING	CANDIDATE_MISSING	near_match_outside_top_k	near_match_outside_top_k
S1-57549624	S3-454756046	S3	CANDIDATE_MISSING	CANDIDATE_MISSING	missing_address_field	missing_address_field
S1-755898212	S3-991743375	S3	CANDIDATE_MISSING	CANDIDATE_MISSING	both_name_and_address_weak	both_name_and_address_weak
S1-11246184	S3-973887609	S3	CANDIDATE_MISSING	CANDIDATE_MISSING	moderate_similarity_below_retrieval_threshold	moderate_similarity_below_retrieval_threshold
S1-176496041	S2-418697003	S2	CANDIDATE_MISSING	CANDIDATE_MISSING	both_name_and_address_weak	both_name_and_address_weak
S1-308686319	S3-19840565	S3	CANDIDATE_MISSING	CANDIDATE_MISSING	address_digit_variation	address_digit_variation
S1-560853131	S2-108541462	S2	CANDIDATE_MISSING	CANDIDATE_PRESENT	missing_address_field	
S1-213642432	S2-352152197	S2	CANDIDATE_MISSING	CANDIDATE_PRESENT	address_variation_near_threshold	
S1-486816598	S3-977726063	S3	CANDIDATE_MISSING	CANDIDATE_MISSING	address_digit_variation	address_digit_variation
S1-486816598	S3-876521623	S3	CANDIDATE_MISSING	CANDIDATE_MISSING	address_digit_variation	address_digit_variation
S1-486816598	S3-631928003	S3	CANDIDATE_MISSING	CANDIDATE_MISSING	address_digit_variation	address_digit_variation
S1-486816598	S3-72537341	S3	CANDIDATE_MISSING	CANDIDATE_MISSING	both_name_and_address_weak	both_name_and_address_weak
S1-571777559	S2-105253566	S2	CANDIDATE_MISSING	CANDIDATE_PRESENT	name_variation_no_shared_tokens	
S1-692594454	S2-312050097	S2	CANDIDATE_MISSING	CANDIDATE_MISSING	missing_address_field	missing_address_field
S1-470841570	S3-796589634	S3	CANDIDATE_MISSING	CANDIDATE_PRESENT	near_match_outside_top_k	
S1-727253169	S3-789528040	S3	CANDIDATE_MISSING	CANDIDATE_MISSING	both_name_and_address_weak	both_name_and_address_weak
S1-748732045	S3-74037696	S3	CANDIDATE_MISSING	CANDIDATE_MISSING	missing_address_field	missing_address_field
S1-748732045	S3-222080114	S3	CANDIDATE_MISSING	CANDIDATE_MISSING	moderate_similarity_below_retrieval_threshold	moderate_similarity_below_retrieval_threshold
S1-896341705	S2-738898734	S2	CANDIDATE_MISSING	CANDIDATE_PRESENT	missing_address_field	
S1-848852562	S3-104163212	S3	CANDIDATE_MISSING	CANDIDATE_MISSING	address_token_order_or_variation	address_token_order_or_variation
S1-848852562	S3-930435324	S3	CANDIDATE_MISSING	CANDIDATE_MISSING	address_token_order_or_variation	address_token_order_or_variation
S1-848852562	S3-106709431	S3	CANDIDATE_MISSING	CANDIDATE_MISSING	address_token_order_or_variation	address_token_order_or_variation
S1-820060849	S3-978206103	S3	CANDIDATE_MISSING	CANDIDATE_MISSING	address_variation_near_threshold	address_variation_near_threshold
S1-790887991	S3-931397252	S3	CANDIDATE_MISSING	CANDIDATE_MISSING	address_token_order_or_variation	address_token_order_or_variation
S1-638110492	S3-4332992	S3	CANDIDATE_MISSING	CANDIDATE_PRESENT	moderate_similarity_below_retrieval_threshold	
S1-344557977	S2-237548317	S2	CANDIDATE_MISSING	CANDIDATE_MISSING	both_name_and_address_weak	both_name_and_address_weak
S1-999023589	S2-137990607	S2	CANDIDATE_MISSING	CANDIDATE_MISSING	name_variation_no_shared_tokens	name_variation_no_shared_tokens
S1-999023589	S3-586599866	S3	CANDIDATE_MISSING	CANDIDATE_MISSING	both_name_and_address_weak	both_name_and_address_weak
S1-999023589	S3-694949056	S3	CANDIDATE_MISSING	CANDIDATE_MISSING	address_token_order_or_variation	address_token_order_or_variation
S1-820196196	S3-895972861	S3	CANDIDATE_MISSING	CANDIDATE_MISSING	moderate_similarity_below_retrieval_threshold	moderate_similarity_below_retrieval_threshold
S1-820196196	S3-111158665	S3	CANDIDATE_MISSING	CANDIDATE_MISSING	both_name_and_address_weak	both_name_and_address_weak
S1-820196196	S3-512010478	S3	CANDIDATE_MISSING	CANDIDATE_MISSING	missing_address_field	missing_address_field
S1-126927804	S2-434788498	S2	CANDIDATE_MISSING	CANDIDATE_MISSING	name_variation_no_shared_tokens	name_variation_no_shared_tokens
S1-126927804	S3-773054197	S3	CANDIDATE_MISSING	CANDIDATE_MISSING	both_name_and_address_weak	both_name_and_address_weak
S1-979513513	S3-822534788	S3	CANDIDATE_MISSING	CANDIDATE_MISSING	missing_address_field	missing_address_field
S1-627406325	S2-990016149	S2	CANDIDATE_MISSING	CANDIDATE_MISSING	missing_address_field	missing_address_field
S1-800072803	S3-51678768	S3	CANDIDATE_MISSING	CANDIDATE_MISSING	moderate_similarity_below_retrieval_threshold	moderate_similarity_below_retrieval_threshold
S1-800072803	S3-303518217	S3	CANDIDATE_MISSING	CANDIDATE_MISSING	address_digit_variation	address_digit_variation
S1-705522256	S2-494110020	S2	CANDIDATE_MISSING	CANDIDATE_MISSING	missing_address_field	missing_address_field
S1-705522256	S3-779523916	S3	CANDIDATE_MISSING	CANDIDATE_MISSING	address_digit_variation	address_digit_variation
S1-916406672	S3-168595840	S3	CANDIDATE_MISSING	CANDIDATE_MISSING	moderate_similarity_below_retrieval_threshold	moderate_similarity_below_retrieval_threshold
S1-39641619	S2-712311340	S2	CANDIDATE_MISSING	CANDIDATE_MISSING	both_name_and_address_weak	both_name_and_address_weak
S1-39641619	S3-76298342	S3	CANDIDATE_MISSING	CANDIDATE_MISSING	address_token_order_or_variation	address_token_order_or_variation
S1-39641619	S3-245091850	S3	CANDIDATE_MISSING	CANDIDATE_MISSING	both_name_and_address_weak	both_name_and_address_weak
S1-84838337	S2-774689342	S2	CANDIDATE_MISSING	CANDIDATE_MISSING	missing_address_field	missing_address_field
S1-84838337	S3-532973078	S3	CANDIDATE_MISSING	CANDIDATE_MISSING	missing_address_field	missing_address_field
S1-917085859	S2-869027552	S2	CANDIDATE_MISSING	CANDIDATE_MISSING	both_name_and_address_weak	both_name_and_address_weak
S1-355110377	S2-741696974	S2	CANDIDATE_MISSING	CANDIDATE_MISSING	moderate_similarity_below_retrieval_threshold	moderate_similarity_below_retrieval_threshold
S1-2169715	S3-720040227	S3	CANDIDATE_MISSING	CANDIDATE_MISSING	missing_address_field	missing_address_field
S1-399649742	S3-417206503	S3	CANDIDATE_MISSING	CANDIDATE_MISSING	address_variation_near_threshold	address_variation_near_threshold
S1-6381641	S3-894616241	S3	CANDIDATE_MISSING	CANDIDATE_MISSING	address_token_order_or_variation	address_token_order_or_variation
S1-581574549	S2-750713886	S2	CANDIDATE_MISSING	CANDIDATE_PRESENT	address_similarity_below_top_k_threshold	
S1-960126068	S2-433145651	S2	CANDIDATE_MISSING	CANDIDATE_MISSING	missing_address_field	missing_address_field
S1-973233920	S3-110090880	S3	CANDIDATE_MISSING	CANDIDATE_PRESENT	name_variation_near_threshold	
S1-845493376	S3-74171796	S3	CANDIDATE_MISSING	CANDIDATE_MISSING	address_similarity_below_top_k_threshold	address_similarity_below_top_k_threshold
S1-570361411	S2-603890088	S2	CANDIDATE_MISSING	CANDIDATE_MISSING	name_variation_no_shared_tokens	name_variation_no_shared_tokens
S1-570361411	S2-592744157	S2	CANDIDATE_MISSING	CANDIDATE_MISSING	both_name_and_address_weak	both_name_and_address_weak
S1-570361411	S3-935890494	S3	CANDIDATE_MISSING	CANDIDATE_MISSING	address_digit_variation	address_digit_variation
S1-570361411	S3-616914483	S3	CANDIDATE_MISSING	CANDIDATE_MISSING	address_variation_near_threshold	address_variation_near_threshold
S1-393137673	S2-486337760	S2	CANDIDATE_MISSING	CANDIDATE_MISSING	missing_address_field	missing_address_field
S1-912508322	S2-276782865	S2	CANDIDATE_MISSING	CANDIDATE_MISSING	both_name_and_address_weak	both_name_and_address_weak
S1-377745466	S3-402918963	S3	CANDIDATE_MISSING	CANDIDATE_MISSING	near_match_outside_top_k	near_match_outside_top_k
S1-454231145	S2-290451718	S2	CANDIDATE_MISSING	CANDIDATE_MISSING	missing_address_field	missing_address_field
S1-454231145	S2-323003949	S2	CANDIDATE_MISSING	CANDIDATE_PRESENT	moderate_similarity_below_retrieval_threshold	
S1-454231145	S3-844062088	S3	CANDIDATE_MISSING	CANDIDATE_PRESENT	name_variation_near_threshold	
S1-800294363	S2-90945076	S2	CANDIDATE_MISSING	CANDIDATE_MISSING	both_name_and_address_weak	both_name_and_address_weak
S1-267736961	S3-555494719	S3	CANDIDATE_MISSING	CANDIDATE_MISSING	missing_address_field	missing_address_field
S1-932043072	S3-899187966	S3	CANDIDATE_MISSING	CANDIDATE_MISSING	address_digit_variation	address_digit_variation
S1-652366527	S2-546028668	S2	CANDIDATE_MISSING	CANDIDATE_PRESENT	near_match_outside_top_k	
S1-557018978	S3-265670689	S3	CANDIDATE_MISSING	CANDIDATE_MISSING	name_token_order_variation	name_token_order_variation
S1-238331147	S2-667940175	S2	CANDIDATE_MISSING	CANDIDATE_MISSING	both_name_and_address_weak	both_name_and_address_weak
S1-238331147	S3-727417613	S3	CANDIDATE_MISSING	CANDIDATE_MISSING	address_digit_variation	address_digit_variation
S1-873914076	S3-56154787	S3	CANDIDATE_MISSING	CANDIDATE_MISSING	missing_address_field	missing_address_field
S1-481666470	S2-893661944	S2	CANDIDATE_MISSING	CANDIDATE_MISSING	name_variation_no_shared_tokens	name_variation_no_shared_tokens
S1-481666470	S3-857040894	S3	CANDIDATE_MISSING	CANDIDATE_MISSING	address_digit_variation	address_digit_variation
S1-335478469	S3-103297781	S3	CANDIDATE_MISSING	CANDIDATE_PRESENT	moderate_similarity_below_retrieval_threshold	
S1-294620997	S3-182699572	S3	CANDIDATE_MISSING	CANDIDATE_PRESENT	address_digit_variation	
S1-88592935	S2-298586784	S2	CANDIDATE_MISSING	CANDIDATE_MISSING	address_variation_near_threshold	address_variation_near_threshold
S1-88592935	S3-248819741	S3	CANDIDATE_MISSING	CANDIDATE_MISSING	address_variation_near_threshold	address_variation_near_threshold
S1-710909094	S3-17904782	S3	CANDIDATE_MISSING	CANDIDATE_MISSING	name_variation_no_shared_tokens	name_variation_no_shared_tokens
S1-710909094	S3-57569233	S3	CANDIDATE_MISSING	CANDIDATE_MISSING	moderate_similarity_below_retrieval_threshold	moderate_similarity_below_retrieval_threshold
S1-758075760	S2-65752861	S2	CANDIDATE_MISSING	CANDIDATE_PRESENT	missing_address_field	
S1-758075760	S3-957484857	S3	CANDIDATE_MISSING	CANDIDATE_MISSING	both_name_and_address_weak	both_name_and_address_weak
S1-758075760	S3-449179044	S3	CANDIDATE_MISSING	CANDIDATE_MISSING	missing_address_field	missing_address_field
S1-753495835	S2-518701172	S2	CANDIDATE_MISSING	CANDIDATE_MISSING	moderate_similarity_below_retrieval_threshold	moderate_similarity_below_retrieval_threshold
S1-176567267	S3-12316490	S3	CANDIDATE_MISSING	CANDIDATE_MISSING	missing_address_field	missing_address_field
S1-835581754	S3-723539917	S3	CANDIDATE_MISSING	CANDIDATE_MISSING	address_digit_variation	address_digit_variation
S1-835581754	S3-793749688	S3	CANDIDATE_MISSING	CANDIDATE_MISSING	address_variation_near_threshold	address_variation_near_threshold
S1-933384875	S3-773914201	S3	CANDIDATE_MISSING	CANDIDATE_MISSING	address_token_order_or_variation	address_token_order_or_variation
S1-386654734	S3-508283569	S3	CANDIDATE_MISSING	CANDIDATE_MISSING	both_name_and_address_weak	both_name_and_address_weak
S1-95194363	S3-323416945	S3	CANDIDATE_MISSING	CANDIDATE_MISSING	address_token_order_or_variation	address_token_order_or_variation
S1-298646564	S3-390263275	S3	CANDIDATE_MISSING	CANDIDATE_MISSING	address_digit_variation	address_digit_variation
S1-68456921	S2-154545552	S2	CANDIDATE_MISSING	CANDIDATE_MISSING	both_name_and_address_weak	both_name_and_address_weak
S1-224534945	S2-518930624	S2	CANDIDATE_MISSING	CANDIDATE_MISSING	both_name_and_address_weak	both_name_and_address_weak
S1-419235241	S2-331102815	S2	CANDIDATE_MISSING	CANDIDATE_MISSING	name_variation_no_shared_tokens	name_variation_no_shared_tokens
S1-304785953	S3-633775998	S3	CANDIDATE_MISSING	CANDIDATE_MISSING	address_variation_near_threshold	address_variation_near_threshold
S1-53041046	S2-219647551	S2	CANDIDATE_MISSING	CANDIDATE_MISSING	name_variation_no_shared_tokens	name_variation_no_shared_tokens
S1-53041046	S3-674116550	S3	CANDIDATE_MISSING	CANDIDATE_PRESENT	both_name_and_address_weak	
S1-233040222	S3-946248914	S3	CANDIDATE_MISSING	CANDIDATE_PRESENT	missing_address_field	
S1-774387323	S3-163732269	S3	CANDIDATE_MISSING	CANDIDATE_MISSING	address_token_order_or_variation	address_token_order_or_variation
S1-872978967	S2-845711730	S2	CANDIDATE_MISSING	CANDIDATE_MISSING	near_match_outside_top_k	near_match_outside_top_k
S1-872978967	S3-93715521	S3	CANDIDATE_MISSING	CANDIDATE_MISSING	name_variation_no_shared_tokens	name_variation_no_shared_tokens
S1-872978967	S3-435170483	S3	CANDIDATE_MISSING	CANDIDATE_PRESENT	address_digit_variation	
S1-358618259	S2-846810182	S2	CANDIDATE_MISSING	CANDIDATE_MISSING	both_name_and_address_weak	both_name_and_address_weak
S1-358618259	S3-270180570	S3	CANDIDATE_MISSING	CANDIDATE_MISSING	missing_address_field	missing_address_field
S1-524036030	S3-686482320	S3	CANDIDATE_MISSING	CANDIDATE_MISSING	address_similarity_below_top_k_threshold	address_similarity_below_top_k_threshold
S1-219548536	S3-791592839	S3	CANDIDATE_MISSING	CANDIDATE_PRESENT	missing_address_field	
S1-145950089	S3-812978425	S3	CANDIDATE_MISSING	CANDIDATE_MISSING	address_digit_variation	address_digit_variation
S1-864797403	S3-144512575	S3	CANDIDATE_MISSING	CANDIDATE_PRESENT	moderate_similarity_below_retrieval_threshold	
S1-684772333	S2-375054962	S2	CANDIDATE_MISSING	CANDIDATE_MISSING	name_variation_no_shared_tokens	name_variation_no_shared_tokens
S1-476024246	S3-309211196	S3	CANDIDATE_MISSING	CANDIDATE_MISSING	both_name_and_address_weak	both_name_and_address_weak
S1-766893478	S3-828038665	S3	CANDIDATE_MISSING	CANDIDATE_MISSING	missing_address_field	missing_address_field
S1-766893478	S3-449742245	S3	CANDIDATE_MISSING	CANDIDATE_MISSING	name_variation_near_threshold	name_variation_near_threshold
S1-865131206	S3-219374335	S3	CANDIDATE_MISSING	CANDIDATE_MISSING	address_variation_near_threshold	address_variation_near_threshold
S1-405074253	S3-879445509	S3	CANDIDATE_MISSING	CANDIDATE_MISSING	address_digit_variation	address_digit_variation
S1-405074253	S3-180820413	S3	CANDIDATE_MISSING	CANDIDATE_MISSING	address_digit_variation	address_digit_variation
S1-448166395	S3-111294485	S3	CANDIDATE_MISSING	CANDIDATE_MISSING	address_similarity_below_top_k_threshold	address_similarity_below_top_k_threshold
S1-6532344	S3-871070212	S3	CANDIDATE_MISSING	CANDIDATE_MISSING	address_variation_near_threshold	address_variation_near_threshold
S1-380833681	S3-702670896	S3	CANDIDATE_MISSING	CANDIDATE_MISSING	address_token_order_or_variation	address_token_order_or_variation
S1-380833681	S3-372096408	S3	CANDIDATE_MISSING	CANDIDATE_MISSING	address_token_order_or_variation	address_token_order_or_variation
S1-25879788	S2-39945631	S2	CANDIDATE_MISSING	CANDIDATE_PRESENT	address_variation_near_threshold	
S1-393934451	S3-639279066	S3	CANDIDATE_MISSING	CANDIDATE_MISSING	missing_address_field	missing_address_field
S1-155228361	S2-83805439	S2	CANDIDATE_MISSING	CANDIDATE_MISSING	address_token_order_or_variation	address_token_order_or_variation
S1-892233306	S3-610135229	S3	CANDIDATE_MISSING	CANDIDATE_MISSING	address_digit_variation	address_digit_variation
S1-307702274	S3-978834272	S3	CANDIDATE_MISSING	CANDIDATE_MISSING	address_variation_near_threshold	address_variation_near_threshold
S1-385338713	S2-543717376	S2	CANDIDATE_MISSING	CANDIDATE_PRESENT	address_variation_near_threshold	
S1-19593330	S2-813554231	S2	CANDIDATE_MISSING	CANDIDATE_MISSING	missing_address_field	missing_address_field
S1-19593330	S2-200759904	S2	CANDIDATE_MISSING	CANDIDATE_MISSING	missing_address_field	missing_address_field
S1-459898634	S2-754528564	S2	CANDIDATE_MISSING	CANDIDATE_MISSING	missing_address_field	missing_address_field
S1-751233527	S2-142272219	S2	CANDIDATE_MISSING	CANDIDATE_PRESENT	near_match_outside_top_k	
S1-952266463	S2-815318202	S2	CANDIDATE_MISSING	CANDIDATE_MISSING	moderate_similarity_below_retrieval_threshold	moderate_similarity_below_retrieval_threshold
S1-854207766	S2-202538022	S2	CANDIDATE_MISSING	CANDIDATE_PRESENT	address_variation_near_threshold	
S1-854207766	S2-350815586	S2	CANDIDATE_MISSING	CANDIDATE_MISSING	moderate_similarity_below_retrieval_threshold	moderate_similarity_below_retrieval_threshold
S1-793019850	S2-565838685	S2	CANDIDATE_MISSING	CANDIDATE_MISSING	address_variation_near_threshold	address_variation_near_threshold
S1-183283123	S3-804180847	S3	CANDIDATE_MISSING	CANDIDATE_PRESENT	address_digit_variation	
S1-155027115	S2-780856981	S2	CANDIDATE_MISSING	CANDIDATE_MISSING	name_variation_no_shared_tokens	name_variation_no_shared_tokens
S1-327685774	S2-495893925	S2	CANDIDATE_MISSING	CANDIDATE_MISSING	moderate_similarity_below_retrieval_threshold	moderate_similarity_below_retrieval_threshold
S1-549086594	S2-808013831	S2	CANDIDATE_MISSING	CANDIDATE_MISSING	name_variation_no_shared_tokens	name_variation_no_shared_tokens
S1-388325812	S3-131944817	S3	CANDIDATE_MISSING	CANDIDATE_MISSING	name_token_order_variation	name_token_order_variation
S1-388325812	S3-197262044	S3	CANDIDATE_MISSING	CANDIDATE_MISSING	address_variation_near_threshold	address_variation_near_threshold
S1-576426786	S2-744028128	S2	CANDIDATE_MISSING	CANDIDATE_MISSING	name_variation_near_threshold	name_variation_near_threshold
S1-838617018	S3-239301588	S3	CANDIDATE_MISSING	CANDIDATE_MISSING	address_digit_variation	address_digit_variation
S1-621488922	S3-521016420	S3	CANDIDATE_MISSING	CANDIDATE_MISSING	address_variation_near_threshold	address_variation_near_threshold
S1-621488922	S3-809402643	S3	CANDIDATE_MISSING	CANDIDATE_MISSING	both_name_and_address_weak	both_name_and_address_weak
S1-464761064	S2-476337457	S2	CANDIDATE_MISSING	CANDIDATE_MISSING	missing_address_field	missing_address_field
S1-441821984	S3-890496189	S3	CANDIDATE_MISSING	CANDIDATE_MISSING	address_digit_variation	address_digit_variation
S1-952571031	S3-106480282	S3	CANDIDATE_MISSING	CANDIDATE_MISSING	missing_address_field	missing_address_field
S1-183760590	S2-947379718	S2	CANDIDATE_MISSING	CANDIDATE_PRESENT	missing_address_field	
S1-585596917	S3-870808310	S3	CANDIDATE_MISSING	CANDIDATE_MISSING	missing_address_field	missing_address_field
S1-988321030	S2-950284560	S2	CANDIDATE_MISSING	CANDIDATE_MISSING	address_variation_near_threshold	address_variation_near_threshold
S1-988321030	S2-121165186	S2	CANDIDATE_MISSING	CANDIDATE_PRESENT	address_digit_variation	
S1-988321030	S3-640381656	S3	CANDIDATE_MISSING	CANDIDATE_PRESENT	address_variation_near_threshold	
S1-809024061	S2-730625481	S2	CANDIDATE_MISSING	CANDIDATE_MISSING	missing_address_field	missing_address_field
S1-360909582	S3-551329412	S3	CANDIDATE_MISSING	CANDIDATE_PRESENT	address_similarity_below_top_k_threshold	
S1-942104958	S2-946678919	S2	CANDIDATE_MISSING	CANDIDATE_MISSING	address_digit_variation	address_digit_variation
S1-942104958	S3-915116552	S3	CANDIDATE_MISSING	CANDIDATE_MISSING	address_digit_variation	address_digit_variation
S1-942104958	S3-105932328	S3	CANDIDATE_MISSING	CANDIDATE_MISSING	address_digit_variation	address_digit_variation
S1-942104958	S3-887375431	S3	CANDIDATE_MISSING	CANDIDATE_MISSING	address_digit_variation	address_digit_variation
S1-299434720	S3-330665696	S3	CANDIDATE_MISSING	CANDIDATE_MISSING	address_variation_near_threshold	address_variation_near_threshold
S1-218948566	S3-666592235	S3	CANDIDATE_MISSING	CANDIDATE_MISSING	both_name_and_address_weak	both_name_and_address_weak
S1-169108778	S2-650989582	S2	CANDIDATE_MISSING	CANDIDATE_MISSING	both_name_and_address_weak	both_name_and_address_weak
S1-658151638	S2-538524338	S2	CANDIDATE_MISSING	CANDIDATE_MISSING	address_token_order_or_variation	address_token_order_or_variation
S1-658151638	S3-57947058	S3	CANDIDATE_MISSING	CANDIDATE_MISSING	address_variation_near_threshold	address_variation_near_threshold
S1-200572754	S3-46468591	S3	CANDIDATE_MISSING	CANDIDATE_MISSING	address_token_order_or_variation	address_token_order_or_variation
S1-766458019	S3-449535996	S3	CANDIDATE_MISSING	CANDIDATE_MISSING	address_digit_variation	address_digit_variation
S1-766458019	S3-787789921	S3	CANDIDATE_MISSING	CANDIDATE_MISSING	address_digit_variation	address_digit_variation
S1-947166860	S3-29876156	S3	CANDIDATE_MISSING	CANDIDATE_MISSING	both_name_and_address_weak	both_name_and_address_weak
S1-930625292	S2-913963814	S2	CANDIDATE_MISSING	CANDIDATE_MISSING	name_variation_near_threshold	name_variation_near_threshold
S1-122232705	S3-816700908	S3	CANDIDATE_MISSING	CANDIDATE_MISSING	moderate_similarity_below_retrieval_threshold	moderate_similarity_below_retrieval_threshold
S1-104955523	S2-324764832	S2	CANDIDATE_MISSING	CANDIDATE_MISSING	address_digit_variation	address_digit_variation
S1-565539266	S2-492189110	S2	CANDIDATE_MISSING	CANDIDATE_PRESENT	missing_address_field	
S1-208973592	S2-481660181	S2	CANDIDATE_MISSING	CANDIDATE_MISSING	name_token_order_variation	name_token_order_variation
S1-208973592	S3-931413846	S3	CANDIDATE_MISSING	CANDIDATE_MISSING	moderate_similarity_below_retrieval_threshold	moderate_similarity_below_retrieval_threshold
S1-760271020	S2-102338406	S2	CANDIDATE_MISSING	CANDIDATE_MISSING	name_variation_near_threshold	name_variation_near_threshold
S1-760271020	S2-867554145	S2	CANDIDATE_MISSING	CANDIDATE_MISSING	name_variation_near_threshold	name_variation_near_threshold
S1-760271020	S2-234214850	S2	CANDIDATE_MISSING	CANDIDATE_MISSING	near_match_outside_top_k	near_match_outside_top_k
S1-760271020	S3-746538040	S3	CANDIDATE_MISSING	CANDIDATE_MISSING	address_variation_near_threshold	address_variation_near_threshold
S1-378245327	S2-525888317	S2	CANDIDATE_MISSING	CANDIDATE_MISSING	missing_address_field	missing_address_field
S1-378245327	S3-646121866	S3	CANDIDATE_MISSING	CANDIDATE_PRESENT	address_variation_near_threshold	
S1-552321484	S3-424336274	S3	CANDIDATE_MISSING	CANDIDATE_MISSING	missing_address_field	missing_address_field
S1-130264484	S2-32411869	S2	CANDIDATE_MISSING	CANDIDATE_MISSING	name_variation_no_shared_tokens	name_variation_no_shared_tokens
S1-130264484	S3-11461627	S3	CANDIDATE_MISSING	CANDIDATE_MISSING	address_variation_near_threshold	address_variation_near_threshold
S1-226564818	S2-891882828	S2	CANDIDATE_MISSING	CANDIDATE_MISSING	missing_address_field	missing_address_field
S1-574668375	S3-59072810	S3	CANDIDATE_MISSING	CANDIDATE_MISSING	name_variation_near_threshold	name_variation_near_threshold
S1-596555182	S2-697857785	S2	CANDIDATE_MISSING	CANDIDATE_MISSING	moderate_similarity_below_retrieval_threshold	moderate_similarity_below_retrieval_threshold
S1-829983869	S3-260788533	S3	CANDIDATE_MISSING	CANDIDATE_MISSING	address_digit_variation	address_digit_variation
S1-567424927	S3-921353007	S3	CANDIDATE_MISSING	CANDIDATE_PRESENT	name_variation_near_threshold	
S1-40162994	S3-695018314	S3	CANDIDATE_MISSING	CANDIDATE_MISSING	moderate_similarity_below_retrieval_threshold	moderate_similarity_below_retrieval_threshold
S1-16609748	S2-54823044	S2	CANDIDATE_MISSING	CANDIDATE_PRESENT	near_match_outside_top_k	
S1-675959550	S3-112098039	S3	CANDIDATE_MISSING	CANDIDATE_PRESENT	address_digit_variation	
S1-555543655	S3-676781473	S3	CANDIDATE_MISSING	CANDIDATE_MISSING	address_digit_variation	address_digit_variation
S1-943879014	S3-420174178	S3	CANDIDATE_MISSING	CANDIDATE_MISSING	address_digit_variation	address_digit_variation
S1-765734254	S3-799567902	S3	CANDIDATE_MISSING	CANDIDATE_PRESENT	missing_address_field	
S1-392214139	S2-90508167	S2	CANDIDATE_MISSING	CANDIDATE_PRESENT	address_similarity_below_top_k_threshold	
S1-184794725	S3-469499839	S3	CANDIDATE_MISSING	CANDIDATE_MISSING	address_token_order_or_variation	address_token_order_or_variation
S1-582307657	S3-992288030	S3	CANDIDATE_MISSING	CANDIDATE_MISSING	missing_address_field	missing_address_field
S1-52507682	S2-761485390	S2	CANDIDATE_MISSING	CANDIDATE_MISSING	name_variation_no_shared_tokens	name_variation_no_shared_tokens
S1-52507682	S2-291898427	S2	CANDIDATE_MISSING	CANDIDATE_PRESENT	name_variation_no_shared_tokens	
S1-52507682	S3-84022886	S3	CANDIDATE_MISSING	CANDIDATE_MISSING	address_token_order_or_variation	address_token_order_or_variation
S1-722170008	S2-445745602	S2	CANDIDATE_MISSING	CANDIDATE_MISSING	missing_address_field	missing_address_field
S1-763279630	S3-57165051	S3	CANDIDATE_MISSING	CANDIDATE_MISSING	address_variation_near_threshold	address_variation_near_threshold
S1-833798119	S3-342879520	S3	CANDIDATE_MISSING	CANDIDATE_PRESENT	address_variation_near_threshold	
S1-886434037	S2-915146508	S2	CANDIDATE_MISSING	CANDIDATE_MISSING	address_similarity_below_top_k_threshold	address_similarity_below_top_k_threshold
S1-684505968	S3-300894176	S3	CANDIDATE_MISSING	CANDIDATE_MISSING	address_variation_near_threshold	address_variation_near_threshold
S1-372903225	S3-845582833	S3	CANDIDATE_MISSING	CANDIDATE_MISSING	name_variation_no_shared_tokens	name_variation_no_shared_tokens
S1-479783161	S2-877881238	S2	CANDIDATE_MISSING	CANDIDATE_MISSING	address_variation_near_threshold	address_variation_near_threshold
S1-241678218	S3-93364060	S3	CANDIDATE_MISSING	CANDIDATE_MISSING	missing_address_field	missing_address_field
S1-872302647	S2-951619159	S2	CANDIDATE_MISSING	CANDIDATE_PRESENT	address_variation_near_threshold	
S1-872302647	S3-56614947	S3	CANDIDATE_MISSING	CANDIDATE_MISSING	missing_address_field	missing_address_field
S1-872302647	S3-983622567	S3	CANDIDATE_MISSING	CANDIDATE_MISSING	missing_address_field	missing_address_field
S1-305440895	S3-210855008	S3	CANDIDATE_MISSING	CANDIDATE_MISSING	address_token_order_or_variation	address_token_order_or_variation
S1-305440895	S3-292471555	S3	CANDIDATE_MISSING	CANDIDATE_MISSING	address_token_order_or_variation	address_token_order_or_variation
S1-305440895	S3-547827089	S3	CANDIDATE_MISSING	CANDIDATE_MISSING	address_token_order_or_variation	address_token_order_or_variation
S1-882796400	S3-885523752	S3	CANDIDATE_MISSING	CANDIDATE_MISSING	address_digit_variation	address_digit_variation
S1-900870097	S3-948310651	S3	CANDIDATE_MISSING	CANDIDATE_MISSING	name_variation_no_shared_tokens	name_variation_no_shared_tokens
S1-900870097	S3-962132902	S3	CANDIDATE_MISSING	CANDIDATE_MISSING	name_variation_no_shared_tokens	name_variation_no_shared_tokens
S1-900870097	S3-883136069	S3	CANDIDATE_MISSING	CANDIDATE_MISSING	address_digit_variation	address_digit_variation
S1-242195439	S3-63470648	S3	CANDIDATE_MISSING	CANDIDATE_MISSING	address_similarity_below_top_k_threshold	address_similarity_below_top_k_threshold
S1-102881886	S3-673002177	S3	CANDIDATE_MISSING	CANDIDATE_PRESENT	name_variation_no_shared_tokens	
S1-605858505	S3-695970061	S3	CANDIDATE_MISSING	CANDIDATE_MISSING	moderate_similarity_below_retrieval_threshold	moderate_similarity_below_retrieval_threshold
S1-382072597	S3-775924885	S3	CANDIDATE_MISSING	CANDIDATE_MISSING	address_similarity_below_top_k_threshold	address_similarity_below_top_k_threshold
S1-972508292	S3-281518519	S3	CANDIDATE_MISSING	CANDIDATE_MISSING	missing_address_field	missing_address_field
S1-222806068	S3-661189176	S3	CANDIDATE_MISSING	CANDIDATE_MISSING	missing_address_field	missing_address_field
S1-222806068	S3-546864144	S3	CANDIDATE_MISSING	CANDIDATE_MISSING	missing_address_field	missing_address_field
S1-206894799	S2-984757330	S2	CANDIDATE_MISSING	CANDIDATE_MISSING	both_name_and_address_weak	both_name_and_address_weak
S1-206894799	S3-611476936	S3	CANDIDATE_MISSING	CANDIDATE_MISSING	address_digit_variation	address_digit_variation
S1-202909837	S2-193023352	S2	CANDIDATE_MISSING	CANDIDATE_MISSING	moderate_similarity_below_retrieval_threshold	moderate_similarity_below_retrieval_threshold
S1-202909837	S2-726265291	S2	CANDIDATE_MISSING	CANDIDATE_PRESENT	moderate_similarity_below_retrieval_threshold	
S1-84172548	S3-632715238	S3	CANDIDATE_MISSING	CANDIDATE_MISSING	both_name_and_address_weak	both_name_and_address_weak
S1-98065022	S3-698900166	S3	CANDIDATE_MISSING	CANDIDATE_MISSING	address_digit_variation	address_digit_variation
S1-332238776	S3-330125422	S3	CANDIDATE_MISSING	CANDIDATE_PRESENT	address_token_order_or_variation	
S1-332238776	S3-407698529	S3	CANDIDATE_MISSING	CANDIDATE_MISSING	address_token_order_or_variation	address_token_order_or_variation
S1-786170207	S3-44389023	S3	CANDIDATE_MISSING	CANDIDATE_MISSING	name_variation_no_shared_tokens	name_variation_no_shared_tokens
S1-946221985	S2-833081173	S2	CANDIDATE_MISSING	CANDIDATE_MISSING	address_variation_near_threshold	address_variation_near_threshold
S1-188302195	S3-383757478	S3	CANDIDATE_MISSING	CANDIDATE_MISSING	name_variation_near_threshold	name_variation_near_threshold
S1-611979795	S2-3495097	S2	CANDIDATE_MISSING	CANDIDATE_PRESENT	moderate_similarity_below_retrieval_threshold	
S1-467800339	S2-797035971	S2	CANDIDATE_MISSING	CANDIDATE_MISSING	both_name_and_address_weak	both_name_and_address_weak
S1-599145787	S2-499470964	S2	CANDIDATE_MISSING	CANDIDATE_MISSING	missing_address_field	missing_address_field
S1-8813651	S2-794077082	S2	CANDIDATE_MISSING	CANDIDATE_PRESENT	name_variation_no_shared_tokens	
S1-908551239	S2-788299668	S2	CANDIDATE_MISSING	CANDIDATE_MISSING	both_name_and_address_weak	both_name_and_address_weak
S1-908551239	S2-225415982	S2	CANDIDATE_MISSING	CANDIDATE_MISSING	name_variation_no_shared_tokens	name_variation_no_shared_tokens
S1-908551239	S3-719062371	S3	CANDIDATE_MISSING	CANDIDATE_MISSING	both_name_and_address_weak	both_name_and_address_weak
S1-556312606	S3-997464294	S3	CANDIDATE_MISSING	CANDIDATE_MISSING	name_variation_no_shared_tokens	name_variation_no_shared_tokens
S1-622374625	S3-446634745	S3	CANDIDATE_MISSING	CANDIDATE_MISSING	missing_address_field	missing_address_field
S1-622374625	S3-726746553	S3	CANDIDATE_MISSING	CANDIDATE_MISSING	name_variation_no_shared_tokens	name_variation_no_shared_tokens
S1-215335896	S2-45923142	S2	CANDIDATE_MISSING	CANDIDATE_MISSING	both_name_and_address_weak	both_name_and_address_weak
S1-591079835	S3-375990442	S3	CANDIDATE_MISSING	CANDIDATE_MISSING	missing_address_field	missing_address_field
S1-252242682	S2-84842746	S2	CANDIDATE_MISSING	CANDIDATE_MISSING	moderate_similarity_below_retrieval_threshold	moderate_similarity_below_retrieval_threshold
S1-681392030	S3-340243016	S3	CANDIDATE_MISSING	CANDIDATE_PRESENT	address_digit_variation	
S1-892015074	S3-240411148	S3	CANDIDATE_MISSING	CANDIDATE_MISSING	moderate_similarity_below_retrieval_threshold	moderate_similarity_below_retrieval_threshold
S1-892015074	S3-817353302	S3	CANDIDATE_MISSING	CANDIDATE_MISSING	both_name_and_address_weak	both_name_and_address_weak
S1-892015074	S3-247125004	S3	CANDIDATE_MISSING	CANDIDATE_MISSING	moderate_similarity_below_retrieval_threshold	moderate_similarity_below_retrieval_threshold
S1-760816941	S3-452171887	S3	CANDIDATE_MISSING	CANDIDATE_MISSING	moderate_similarity_below_retrieval_threshold	moderate_similarity_below_retrieval_threshold
S1-514423627	S3-967570233	S3	CANDIDATE_MISSING	CANDIDATE_MISSING	moderate_similarity_below_retrieval_threshold	moderate_similarity_below_retrieval_threshold
S1-20306842	S2-969480238	S2	CANDIDATE_MISSING	CANDIDATE_MISSING	both_name_and_address_weak	both_name_and_address_weak
S1-95503899	S2-950137390	S2	CANDIDATE_MISSING	CANDIDATE_PRESENT	name_variation_no_shared_tokens	
S1-95503899	S2-816744928	S2	CANDIDATE_MISSING	CANDIDATE_MISSING	both_name_and_address_weak	both_name_and_address_weak
S1-713599256	S3-871190873	S3	CANDIDATE_MISSING	CANDIDATE_MISSING	missing_address_field	missing_address_field
S1-912858680	S2-861080628	S2	CANDIDATE_MISSING	CANDIDATE_MISSING	both_name_and_address_weak	both_name_and_address_weak
S1-912858680	S3-419436439	S3	CANDIDATE_MISSING	CANDIDATE_MISSING	both_name_and_address_weak	both_name_and_address_weak
S1-780331711	S3-5305839	S3	CANDIDATE_MISSING	CANDIDATE_MISSING	missing_address_field	missing_address_field
S1-414922041	S3-954183520	S3	CANDIDATE_MISSING	CANDIDATE_PRESENT	moderate_similarity_below_retrieval_threshold	
S1-738128949	S2-270745434	S2	CANDIDATE_MISSING	CANDIDATE_PRESENT	name_variation_no_shared_tokens	
S1-995742594	S3-379801108	S3	CANDIDATE_MISSING	CANDIDATE_MISSING	name_token_order_variation	name_token_order_variation
S1-609758235	S3-479735972	S3	CANDIDATE_MISSING	CANDIDATE_MISSING	address_variation_near_threshold	address_variation_near_threshold
S1-305403960	S2-771841018	S2	CANDIDATE_MISSING	CANDIDATE_MISSING	name_variation_no_shared_tokens	name_variation_no_shared_tokens
S1-339374417	S3-242628819	S3	CANDIDATE_MISSING	CANDIDATE_MISSING	address_token_order_or_variation	address_token_order_or_variation
S1-339374417	S3-571457223	S3	CANDIDATE_MISSING	CANDIDATE_MISSING	address_token_order_or_variation	address_token_order_or_variation
S1-499566732	S2-902678067	S2	CANDIDATE_MISSING	CANDIDATE_MISSING	missing_address_field	missing_address_field
S1-863881054	S3-773798608	S3	CANDIDATE_MISSING	CANDIDATE_PRESENT	address_digit_variation	
S1-117866925	S3-265609575	S3	CANDIDATE_MISSING	CANDIDATE_PRESENT	address_variation_near_threshold	
S1-466794996	S2-528462830	S2	CANDIDATE_MISSING	CANDIDATE_PRESENT	address_similarity_below_top_k_threshold	
S1-385823757	S2-208238888	S2	CANDIDATE_MISSING	CANDIDATE_PRESENT	moderate_similarity_below_retrieval_threshold	
S1-380580331	S2-683490987	S2	CANDIDATE_MISSING	CANDIDATE_MISSING	address_digit_variation	address_digit_variation
S1-440550738	S3-768617499	S3	CANDIDATE_MISSING	CANDIDATE_MISSING	address_digit_variation	address_digit_variation
S1-282737265	S2-702587893	S2	CANDIDATE_MISSING	CANDIDATE_MISSING	missing_address_field	missing_address_field
S1-97581850	S3-60652506	S3	CANDIDATE_MISSING	CANDIDATE_MISSING	name_variation_no_shared_tokens	name_variation_no_shared_tokens
S1-486296456	S2-440266189	S2	CANDIDATE_MISSING	CANDIDATE_MISSING	missing_address_field	missing_address_field
S1-743857557	S3-933289917	S3	CANDIDATE_MISSING	CANDIDATE_PRESENT	name_variation_no_shared_tokens	
S1-42596820	S3-810444824	S3	CANDIDATE_MISSING	CANDIDATE_MISSING	name_abbreviation_or_suffix_variation	name_abbreviation_or_suffix_variation
S1-42596820	S3-878149194	S3	CANDIDATE_MISSING	CANDIDATE_MISSING	address_variation_near_threshold	address_variation_near_threshold
S1-506296494	S2-757441199	S2	CANDIDATE_MISSING	CANDIDATE_MISSING	name_variation_no_shared_tokens	name_variation_no_shared_tokens
S1-410304151	S2-854789573	S2	CANDIDATE_MISSING	CANDIDATE_PRESENT	address_variation_near_threshold	
S1-975229569	S3-603710587	S3	CANDIDATE_MISSING	CANDIDATE_MISSING	name_variation_no_shared_tokens	name_variation_no_shared_tokens
S1-942110962	S2-552679478	S2	CANDIDATE_MISSING	CANDIDATE_MISSING	near_match_outside_top_k	near_match_outside_top_k
S1-862053862	S2-463433426	S2	CANDIDATE_MISSING	CANDIDATE_MISSING	name_variation_no_shared_tokens	name_variation_no_shared_tokens
S1-296658329	S3-412850205	S3	CANDIDATE_MISSING	CANDIDATE_MISSING	missing_address_field	missing_address_field
S1-686329764	S3-137574715	S3	CANDIDATE_MISSING	CANDIDATE_MISSING	moderate_similarity_below_retrieval_threshold	moderate_similarity_below_retrieval_threshold
S1-940275488	S2-310553268	S2	CANDIDATE_MISSING	CANDIDATE_PRESENT	near_match_outside_top_k	
S1-940275488	S3-722267195	S3	CANDIDATE_MISSING	CANDIDATE_MISSING	address_digit_variation	address_digit_variation
S1-987010400	S2-140661931	S2	CANDIDATE_MISSING	CANDIDATE_MISSING	both_name_and_address_weak	both_name_and_address_weak
