source1_entity_id	true_entity_id	true_source	normalized_name_s1	normalized_name_true	normalized_address_s1	normalized_address_true	country_s1	country_true	name_similarity	address_similarity	digit_similarity	candidate_missing_reason	failed_strategy
S1-740270062	S3-942683049	S3	delhi chits private limited	delhi chíts limited center	je 2 block j gali number 9 beri wala bagh hari nagar near durga mandir delhi west delhi delhi	dl je 02 west delhi delhi	india	india	0.679245	0.355932	0.0	address_digit_variation	address_similarity|exact_address_blocking
S1-108551334	S3-346161986	S3	swastik food private limited	swastik food private enterprises	bungalow number 2 1st floor main patel road west patel nagar new delhi west delhi delhi		india	india	0.766667	0.0	0.0	missing_address_field	exact_address_blocking|address_similarity
S1-261865426	S2-583769145	S2	jai software private limited	jai software private limited enterprises	new delhi plot number a 91 kh 100 9 swarn park mundka west delhi delhi		india	india	0.823529	0.0	0.0	missing_address_field	exact_address_blocking|address_similarity
S1-200656762	S3-306285135	S3	uce innovative technical llc	uce innovnatvie téchnica1 llc	4902 indiana avenue fort wayne in	4902 indiana avenue ft wayen indiana	us	us	0.877193	0.869565	1.0	near_match_outside_top_k	name_similarity|address_similarity
S1-57549624	S3-454756046	S3	behavioral health specialists llc	behavioral health specialists l l c enterprises	5117 rolling meadows milan tn		us	us	0.825	0.0	0.0	missing_address_field	exact_address_blocking|address_similarity
S1-755898212	S3-991743375	S3	jpy hospitalities	jpy center	rajkot plot number 53 1 umiya industrial aria opp madhuvan way bridge kotda sangani road lothada gujarat	lothada door number 51 1 ગુજરાત	india	india	0.444444	0.222222	0.333333	both_name_and_address_weak	exact_name_blocking|exact_address_blocking|name_similarity|address_similarity
S1-11246184	S3-973887609	S3	national education technologies of port neches incorporated	nationaleducationtechnologies com	2046 11th street port neches tx	eleventh street texas pt nehes	us	us	0.695652	0.590164	0.0	moderate_similarity_below_retrieval_threshold	name_similarity|address_similarity
S1-176496041	S2-418697003	S2	gold dynamic properties limited	गोल्ड डायनामिक प्रॉपर्टीज लिमिटेड	b 13 dainik janyug apartments c 1 vasundhra enclave delhi	block a 271 b 13 delhi east delhi	india	india	0.09375	0.377778	0.333333	both_name_and_address_weak	exact_name_blocking|exact_address_blocking|name_similarity|address_similarity
S1-308686319	S3-19840565	S3	beacon brothers private limited	beacon brothers prviate limited	5 1 arabinda road nabagram hooghly west bengal	pot 907 5 1 hooghly wb	india	india	0.967742	0.411765	0.666667	address_digit_variation	address_similarity|exact_address_blocking
S1-560853131	S2-108541462	S2	patriot investments	patriot ínvestments	7835 118th street seattle wa		us	us	0.947368	0.0	0.0	missing_address_field	exact_address_blocking|address_similarity
S1-213642432	S2-352152197	S2	pramukh brothers private limited	prívate pramukh brothers limited	number 161 d 3rd floor ag 1 vikaspuri new delhi delhi	दिल्ली door number 161 d vikaspuri new delhi	india	india	0.75	0.659794	0.333333	address_variation_near_threshold	address_similarity|exact_address_blocking
S1-486816598	S3-977726063	S3	balashree technology private limited	balashree technology private	56 57 mumbai city maharashtra mumbai mittal chambers 228 nariman point	56 57 bombay mumbai city महाराष्ट्र	india	india	0.875	0.342857	0.666667	address_digit_variation	address_similarity|exact_address_blocking
S1-486816598	S3-876521623	S3	balashree technology private limited	balashree technology private	56 57 mumbai city maharashtra mumbai mittal chambers 228 nariman point	56 57 bombay mumbai city महाराष्ट्र	india	india	0.875	0.342857	0.666667	address_digit_variation	address_similarity|exact_address_blocking
S1-486816598	S3-631928003	S3	balashree technology private limited	balashree technology pichte limited	56 57 mumbai city maharashtra mumbai mittal chambers 228 nariman point	56 57 bombay mumbai city mh	india	india	0.929577	0.412371	0.666667	address_digit_variation	address_similarity|exact_address_blocking
S1-486816598	S3-72537341	S3	balashree technology private limited	btprivate com	56 57 mumbai city maharashtra mumbai mittal chambers 228 nariman point	56 57 bombay mumbai city महाराष्ट्र	india	india	0.44898	0.342857	0.666667	both_name_and_address_weak	exact_name_blocking|exact_address_blocking|name_similarity|address_similarity
S1-571777559	S2-105253566	S2	blue power private limited	ब्लू पावर प्राइवेट लिमिटेड	plot number 78 ajmer road sukhadiya nagar bhilwara bhilwara rajasthan	78 ajmer road bhilwara rajasthan	india	india	0.115385	0.633663	1.0	name_variation_no_shared_tokens	name_similarity|exact_name_blocking
S1-692594454	S2-312050097	S2	royal consultancy limited	royal conusrtay limited	siddhi ground floor plot number 14 15th road khar w mumbai maharashtra		india	india	0.875	0.0	0.0	missing_address_field	exact_address_blocking|address_similarity
S1-470841570	S3-796589634	S3	cultural institute	cultural iastitue	4065 boulevard place indianapolis in	boulevard pl indianapolis indiana	us	us	0.914286	0.811594	0.0	near_match_outside_top_k	name_similarity|address_similarity
S1-727253169	S3-789528040	S3	gulf select spa incorporated	tavopyra	253 hull street brooklyn ny	brooklyn new york hull street	us	us	0.222222	0.428571	0.0	both_name_and_address_weak	exact_name_blocking|exact_address_blocking|name_similarity|address_similarity
S1-748732045	S3-74037696	S3	twisted book store	twisted book store trading	54 bellwood avenue unit apartment 1 west seneca ny		us	us	0.818182	0.0	0.0	missing_address_field	exact_address_blocking|address_similarity
S1-748732045	S3-222080114	S3	twisted book store	twisted stroe book	54 bellwood avenue unit apartment 1 west seneca ny	bellwood avenue apartment 1 buffalo new york	us	us	0.666667	0.702128	0.5	moderate_similarity_below_retrieval_threshold	name_similarity|address_similarity
S1-896341705	S2-738898734	S2	first cathedral partners	first cathedral partners corporation	4697 carolina avenue marion county or		us	us	0.8	0.0	0.0	missing_address_field	exact_address_blocking|address_similarity
S1-848852562	S3-104163212	S3	real energy private limited	real enye private limited	15 sbi employees pankaj chsl navghar road mulund east mumbai mumbai city maharashtra	mumbai 15 mh	india	india	0.923077	0.208333	1.0	address_token_order_or_variation	address_similarity|exact_address_blocking
S1-848852562	S3-930435324	S3	real energy private limited	private real eoerby limited	15 sbi employees pankaj chsl navghar road mulund east mumbai mumbai city maharashtra	15 mumbai mh	india	india	0.555556	0.25	1.0	address_token_order_or_variation	address_similarity|exact_address_blocking
S1-848852562	S3-106709431	S3	real energy private limited	m s real energy private limited	15 sbi employees pankaj chsl navghar road mulund east mumbai mumbai city maharashtra	15 mumbai mh	india	india	0.931034	0.25	1.0	address_token_order_or_variation	address_similarity|exact_address_blocking
S1-820060849	S3-978206103	S3	tsg chits private limited	tsg chits private	c 506 5th floor block c gh 04 a amrapali castle scetor chi 5 greater noida dadri gautam buddha nagar uttar pradesh	c 506 5th floor block c gautam buddha nagar dadri उत्तर प्रदेश	india	india	0.809524	0.522727	0.666667	address_variation_near_threshold	address_similarity|exact_address_blocking
S1-790887991	S3-931397252	S3	agni college	agni center	37 3 kala complex fourth avenue ashok nagar chennai tamil nadu	37 3 chennai city region chennai tn	india	india	0.695652	0.43299	1.0	address_token_order_or_variation	address_similarity|exact_address_blocking
S1-638110492	S3-4332992	S3	super care limited	super limited care	kalkaji new delhi delhi j 86	j 86 south east new delhi dl	india	india	0.722222	0.5	1.0	moderate_similarity_below_retrieval_threshold	name_similarity|address_similarity
S1-344557977	S2-237548317	S2	smart industries private limited	स्मार्ट इंडस्ट्रीज प्राइवेट लिमिटेड	d 32 new ashok nagar new delhi new delhi east delhi delhi	gazipur delhi delhi null new delhi d 32	india	india	0.089552	0.3125	1.0	both_name_and_address_weak	exact_name_blocking|exact_address_blocking|name_similarity|address_similarity
S1-999023589	S2-137990607	S2	sunrise builders limited	ಸನ್ ರೈಸ್ ಬಿಲ್ಡರ್ಸ್ ಲಿಮಿಟೆಡ್	karnataka bangalore 4a peenya industrial area bangalore	door number b3 536 4a peenya industrial area bangalore bengaluru bangalore karnataka	india	india	0.078431	0.57554	0.333333	name_variation_no_shared_tokens	name_similarity|exact_name_blocking
S1-999023589	S3-586599866	S3	sunrise builders limited	ಸನ್ ರೈಸ್ builders ಲಿಮಿಟೆಡ್	karnataka bangalore 4a peenya industrial area bangalore	4a bangalore ka	india	india	0.4	0.371429	1.0	both_name_and_address_weak	exact_name_blocking|exact_address_blocking|name_similarity|address_similarity
S1-999023589	S3-694949056	S3	sunrise builders limited	services sunrise limited	karnataka bangalore 4a peenya industrial area bangalore	4a bangalore ka	india	india	0.625	0.371429	1.0	address_token_order_or_variation	address_similarity|exact_address_blocking
S1-820196196	S3-895972861	S3	mohanlalganj infra private limited	mohanlalganj infra	beli kalan gosainganj mohanlalganj lucknow uttar pradesh	beli kalan lucknow hq region lucknow up	india	india	0.692308	0.526316	1.0	moderate_similarity_below_retrieval_threshold	name_similarity|address_similarity
S1-820196196	S3-111158665	S3	mohanlalganj infra private limited	imprivate com	beli kalan gosainganj mohanlalganj lucknow uttar pradesh	beli kalan lucknow lucknow hq region उत्तर प्रदेश gosainganj	india	india	0.425532	0.362069	1.0	both_name_and_address_weak	exact_name_blocking|exact_address_blocking|name_similarity|address_similarity
S1-820196196	S3-512010478	S3	mohanlalganj infra private limited	mohanlalganj private limited services	beli kalan gosainganj mohanlalganj lucknow uttar pradesh		india	india	0.788732	0.0	1.0	missing_address_field	exact_address_blocking|address_similarity
S1-126927804	S2-434788498	S2	future healthcare private limited	फ्यूचर हेल्थकेयर प्रा लि	unit number 14 krishna commercial centre 6 udyog nagar near kamat club goregaon west mumbai maharashtra	unit number 14 n a west mumbai maharashtra	india	india	0.105263	0.565517	0.5	name_variation_no_shared_tokens	name_similarity|exact_name_blocking
S1-126927804	S3-773054197	S3	future healthcare private limited	फ्यूचर हेल्थकेयर प्रा लि	unit number 14 krishna commercial centre 6 udyog nagar near kamat club goregaon west mumbai maharashtra	unit number 14 west mumbai महाराष्ट्र	india	india	0.105263	0.385714	0.5	both_name_and_address_weak	exact_name_blocking|exact_address_blocking|name_similarity|address_similarity
S1-979513513	S3-822534788	S3	sai technology private limited	sai technology private enterprises	flat number a 301 3rd floor vinayak chs ltd chendani koliwada mumbai mumbai city maharashtra		india	india	0.78125	0.0	0.0	missing_address_field	exact_address_blocking|address_similarity
S1-627406325	S2-990016149	S2	ivc institute of technology	mr ivc institute of technology corporation	srno 56 4 1 vision one society shop number 105 pune pune city pune maharashtra		india	india	0.782609	0.0	0.0	missing_address_field	exact_address_blocking|address_similarity
S1-800072803	S3-51678768	S3	anshu digital corporation	dr anshu digital	d 622 vashi plaza 4th floor sector 17 vashi navi mumbai maharashtra	d 622 vashi navi mumbai mh	india	india	0.634146	0.55914	0.333333	moderate_similarity_below_retrieval_threshold	name_similarity|address_similarity
S1-800072803	S3-303518217	S3	anshu digital corporation	anshu dghli corporation	d 622 vashi plaza 4th floor sector 17 vashi navi mumbai maharashtra	d 622 navi mumbai mh	india	india	0.833333	0.45977	0.333333	address_digit_variation	address_similarity|exact_address_blocking
S1-705522256	S2-494110020	S2	iq synergy limited	iq synergy	plno 292 bno 9 varad apartment tal maval talegaon pune maharashtra		india	india	0.714286	0.0	0.0	missing_address_field	exact_address_blocking|address_similarity
S1-705522256	S3-779523916	S3	iq synergy limited	iq synergy	plno 292 bno 9 varad apartment tal maval talegaon pune maharashtra	plno c 292 talegaon pune महाराष्ट्र	india	india	0.714286	0.455446	0.5	address_digit_variation	address_similarity|exact_address_blocking
S1-916406672	S3-168595840	S3	gibson fashion llc	gibson llc services	23326 53rd avenue kent wa	53rd avenue washington kent	us	us	0.540541	0.615385	0.5	moderate_similarity_below_retrieval_threshold	name_similarity|address_similarity
S1-39641619	S2-712311340	S2	global global private limited	ग्लोबल ग्लोबल प्राइवेट लिमिटेड	virar maharashtra thakur arcade above viva super market virar west thane 28 30	28 30 null virar maharashtra	india	india	0.101695	0.320755	1.0	both_name_and_address_weak	exact_name_blocking|exact_address_blocking|name_similarity|address_similarity
S1-39641619	S3-76298342	S3	global global private limited	global global pcriaite limited	virar maharashtra thakur arcade above viva super market virar west thane 28 30	28 30 palghar thane mh	india	india	0.949153	0.22	1.0	address_token_order_or_variation	address_similarity|exact_address_blocking
S1-39641619	S3-245091850	S3	global global private limited	ग्लोबल ग्लोबल प्राइवेट लिमिटेड	virar maharashtra thakur arcade above viva super market virar west thane 28 30	28 30 palghar महाराष्ट्र	india	india	0.101695	0.098039	1.0	both_name_and_address_weak	exact_name_blocking|exact_address_blocking|name_similarity|address_similarity
S1-84838337	S2-774689342	S2	little hair studio	litt1e hair studio	20458 crosslin road earlsboro ok		us	us	0.944444	0.0	0.0	missing_address_field	exact_address_blocking|address_similarity
S1-84838337	S3-532973078	S3	little hair studio	little hair studio service enterprises	20458 crosslin road earlsboro ok		us	us	0.642857	0.0	0.0	missing_address_field	exact_address_blocking|address_similarity
S1-917085859	S2-869027552	S2	shivam systems llp	शिवम सिस्टम्स एलएलपी	palwal 561 housing board colony faridabad nakul farm haryana hathin	हरियाणा faridabad nakul farm	india	india	0.105263	0.442105	0.0	both_name_and_address_weak	exact_name_blocking|exact_address_blocking|name_similarity|address_similarity
S1-355110377	S2-741696974	S2	anchor medical systems pc	anchor medical	258 meadowbrook lane nelson county va	258 meadowbrook ln roseland va	us	us	0.717949	0.656716	1.0	moderate_similarity_below_retrieval_threshold	name_similarity|address_similarity
S1-2169715	S3-720040227	S3	saus llc	saus l l c	2410 42nd court gary in		us	us	0.888889	0.0	0.0	missing_address_field	exact_address_blocking|address_similarity
S1-399649742	S3-417206503	S3	miles technology india private limited	miles technology india private	19 number rn mukherjee road 2nd floor kolkata kolkata kolkata howrah west bengal	block g 473 19 number rn mukherjee road 2nd floor kolkata kolkata calcutta dalhousie kolkata wb	india	india	0.882353	0.731429	0.666667	address_variation_near_threshold	address_similarity|exact_address_blocking
S1-6381641	S3-894616241	S3	tirupati technology llp	tirupati technortoyg llp	plot number 407 sri swamy ayyappa society co operative society madhapur hyderabad telangana	door number 407 rangareddi hyderabad తెలంగాణ	india	india	0.893617	0.4	1.0	address_token_order_or_variation	address_similarity|exact_address_blocking
S1-581574549	S2-750713886	S2	harbor pharmaceutical llc	harbor pharmacefuical llc	138 12 234 street rosedale ny	ny rosedale 138 12 234 saint	us	us	0.96	0.45614	1.0	address_similarity_below_top_k_threshold	address_similarity|exact_address_blocking
S1-960126068	S2-433145651	S2	corner ice cream	corner ice cream córporation	1015 country club drive la porte tx		us	us	0.727273	0.0	0.0	missing_address_field	exact_address_blocking|address_similarity
S1-973233920	S3-110090880	S3	data materials networks	data networks service	609 hickory street ottawa ks	hickory street otatwa kansas	us	us	0.590909	0.821429	0.0	name_variation_near_threshold	name_similarity|exact_name_blocking
S1-845493376	S3-74171796	S3	raven llc	rvon llc	1016 welch street village of belleville wi	belleille city 1016 welch street wisconsin	us	us	0.823529	0.47619	1.0	address_similarity_below_top_k_threshold	address_similarity|exact_address_blocking
S1-570361411	S2-603890088	S2	shyam ventures private limited	ਸ਼ਿਆਮ ਵੈਂਚਰਜ਼ ਪ੍ਰਾਈਵੇਟ ਲਿਮਟਿਡ	771 sector 91 sas nagar mohali punjab	771 mohali punjab	india	india	0.101695	0.62963	0.5	name_variation_no_shared_tokens	name_similarity|exact_name_blocking
S1-570361411	S2-592744157	S2	shyam ventures private limited	ਸ਼ਿਆਮ ਵੈਂਚਰਜ਼ ਪ੍ਰਾਈਵੇਟ ਲਿਮਟਿਡ	771 sector 91 sas nagar mohali punjab	771 mohali ਪੰਜਾਬ	india	india	0.101695	0.415094	0.5	both_name_and_address_weak	exact_name_blocking|exact_address_blocking|name_similarity|address_similarity
S1-570361411	S3-935890494	S3	shyam ventures private limited	shyam ventures ptaiddate limited	771 sector 91 sas nagar mohali punjab	771 mohali ਪੰਜਾਬ	india	india	0.903226	0.415094	0.5	address_digit_variation	address_similarity|exact_address_blocking
S1-570361411	S3-616914483	S3	shyam ventures private limited	shyam ventures private	771 sector 91 sas nagar mohali punjab	771 mohali pb	india	india	0.846154	0.52	0.5	address_variation_near_threshold	address_similarity|exact_address_blocking
S1-393137673	S2-486337760	S2	shree chem private limited	shree chem private	number 5 22 a seelamvaripalem t saicharan ghantasala mandal srikakulam krishna andhra pradesh		india	india	0.818182	0.0	0.0	missing_address_field	exact_address_blocking|address_similarity
S1-912508322	S2-276782865	S2	shiv technologies llp	ಶಿವ್ ಟೆಕ್ನಾಲಜೀಸ್ ಎಲ್ಎಲ್ ಪಿ	42 16th cross 8th main road malleswaram bengaluru bangalore karnataka	karnataka bengaluru 42 bangalore	india	india	0.085106	0.455446	0.333333	both_name_and_address_weak	exact_name_blocking|exact_address_blocking|name_similarity|address_similarity
S1-377745466	S3-402918963	S3	b retail incorporated	b rétail incorporated	1712 montebello avenue phoenix az	1712 montebello avenue northeast arizona	us	us	0.952381	0.767123	1.0	near_match_outside_top_k	name_similarity|address_similarity
S1-454231145	S2-290451718	S2	temple catholic church	temple catholic	3896 avondale road williams az		us	us	0.810811	0.0	0.0	missing_address_field	exact_address_blocking|address_similarity
S1-454231145	S2-323003949	S2	temple catholic church	temple church service	3896 avondale road williams az	valle az 3896 avondale road	us	us	0.604651	0.631579	1.0	moderate_similarity_below_retrieval_threshold	name_similarity|address_similarity
S1-454231145	S3-844062088	S3	temple catholic church	temple church catholic	3896 avondale road williams az	3896 avondale road valle arizona	us	us	0.681818	0.774194	1.0	name_variation_near_threshold	name_similarity|exact_name_blocking
S1-800294363	S2-90945076	S2	great investments private limited	ಗ್ರೇಟ್ ಇನ್ವೆಸ್ಟ್ ಮೆಂಟ್ಸ್ ಪ್ರೈವೇಟ್ ಲಿಮಿಟೆಡ್	106 8th main road malleswaram west bangalore karnataka	106 bangalore bengaluru urban karnataka	india	india	0.08	0.494624	0.5	both_name_and_address_weak	exact_name_blocking|exact_address_blocking|name_similarity|address_similarity
S1-267736961	S3-555494719	S3	gold financial private limited	gold finaolca private limited	gf shop 7 gayatri vihar apartment 411 b32prantika garia garden south 24 parganas west bengal		india	india	0.915254	0.0	0.0	missing_address_field	exact_address_blocking|address_similarity
S1-932043072	S3-899187966	S3	gujarat construction private limited	gujarat construction limited partners 26757	office number 01 a 4 first floor house number 285 kh number 136 2 near shiv chowk rohini jail road delhi north west delhi delhi	a 667 office number 01 north west delhi delhi dl	india	india	0.708861	0.445714	0.166667	address_digit_variation	address_similarity|exact_address_blocking
S1-652366527	S2-546028668	S2	step brothers private limited	shri step brothers private limited 36386	193 golf links new delhi delhi	193 golf links delhi	india	india	0.84058	0.8	1.0	near_match_outside_top_k	name_similarity|address_similarity
S1-557018978	S3-265670689	S3	rg kuries limited	limited rg kúries	number 169c second floor k p road agastheeswaram kanyakumari tamil nadu	number 0169c agastheeswaram n a tn	india	india	0.411765	0.590476	0.0	name_token_order_variation	name_similarity|exact_name_blocking
S1-238331147	S2-667940175	S2	sree it limited	श्री आईटी लिमिटेड	plot number 21 office number 101 106 first floor block g vardhman chamber ii community centre vikaspuri new delhi west delhi delhi	door number 21 new delhi west delhi delhi	india	india	0.125	0.444444	0.333333	both_name_and_address_weak	exact_name_blocking|exact_address_blocking|name_similarity|address_similarity
S1-238331147	S3-727417613	S3	sree it limited	sree ít limited	plot number 21 office number 101 106 first floor block g vardhman chamber ii community centre vikaspuri new delhi west delhi delhi	dl new delhi plot number 22	india	india	0.933333	0.165605	0.0	address_digit_variation	address_similarity|exact_address_blocking
S1-873914076	S3-56154787	S3	fluent brothers	fluent btres	mr 1 altf mohan cooperative plot number a 26 block b mohan cooperative industrial estate saidabad new delhi new delhi south delhi delhi		india	india	0.814815	0.0	0.0	missing_address_field	exact_address_blocking|address_similarity
S1-481666470	S2-893661944	S2	shakti services	शक्ति सर्विसेज	101 plot number a11 midas chambers off link road andheri w est mumbai mumbai city maharashtra	101 mumbai mumbai city maharashtra	india	india	0.068966	0.535433	0.5	name_variation_no_shared_tokens	name_similarity|exact_name_blocking
S1-481666470	S3-857040894	S3	shakti services	smt shakti services	101 plot number a11 midas chambers off link road andheri w est mumbai mumbai city maharashtra	101 mumbai mumbai city mh	india	india	0.882353	0.423729	0.5	address_digit_variation	address_similarity|exact_address_blocking
S1-335478469	S3-103297781	S3	audy parker blue yield corporation	audyparkerblue com	1064 dwarf lane bedford county va	dwarf ln null bedford county virginia	us	us	0.653846	0.742857	0.0	moderate_similarity_below_retrieval_threshold	name_similarity|address_similarity
S1-294620997	S3-182699572	S3	city foundation	mr city foundation	kp vl 337 tc 95 2713 cgra 32 2 surabi anayara po thiruvananthapuram thiruvananthapuram trivandrum kerala	dobr number 34 kp vl 337 trivandrum thiruvananthapuram കേരളം	india	india	0.909091	0.463415	0.166667	address_digit_variation	address_similarity|exact_address_blocking
S1-88592935	S2-298586784	S2	internal medicine center	internalmedicinecenter com	2812 13th avenue wa spokane	02812 thirteenth avenue spokane wa	us	us	0.88	0.721311	0.0	address_variation_near_threshold	address_similarity|exact_address_blocking
S1-88592935	S3-248819741	S3	internal medicine center	internal medicine medicine	2812 13th avenue wa spokane	2812 thirteenth avenue spokane washington	us	us	0.8	0.647059	0.5	address_variation_near_threshold	address_similarity|exact_address_blocking
S1-710909094	S3-17904782	S3	halley parker american corporation	nylatavo	4502 indian school road unit 221 phoenix az	4502 indian school road pmb 9847 arcadia arizona	us	us	0.190476	0.615385	0.333333	name_variation_no_shared_tokens	name_similarity|exact_name_blocking
S1-710909094	S3-57569233	S3	halley parker american corporation	halley parker	4502 indian school road unit 221 phoenix az	4502 indian school road 221 arcadia arizona	us	us	0.553191	0.744186	1.0	moderate_similarity_below_retrieval_threshold	name_similarity|address_similarity
S1-758075760	S2-65752861	S2	bharat investments	bharat investments company	number 7 3rd floor n w a club road market sector iv market west punjabi bagh new delhi delhi		india	india	0.818182	0.0	0.0	missing_address_field	exact_address_blocking|address_similarity
S1-758075760	S3-957484857	S3	bharat investments	भारत इन्वेस्टमेंट्स	number 7 3rd floor n w a club road market sector iv market west punjabi bagh new delhi delhi	number 7 new delhi दिल्ली west punjabi bagh	india	india	0.054054	0.459259	0.5	both_name_and_address_weak	exact_name_blocking|exact_address_blocking|name_similarity|address_similarity
S1-758075760	S3-449179044	S3	bharat investments	bharat services enterprises	number 7 3rd floor n w a club road market sector iv market west punjabi bagh new delhi delhi		india	india	0.622222	0.0	0.0	missing_address_field	exact_address_blocking|address_similarity
S1-753495835	S2-518701172	S2	orbic indigo	deltaorbiiri	1779 mill lane millcreek ut	salt lake city 1779 mill ln ut	us	us	0.5	0.526316	1.0	moderate_similarity_below_retrieval_threshold	name_similarity|address_similarity
S1-176567267	S3-12316490	S3	gsj foundation	gsj founsdatlion 5898	plot number a1 jaipur rajasthan a2 a3 a4 kh number 52 53 mahapura urf kukar kheda sikar road		india	india	0.8	0.0	0.0	missing_address_field	exact_address_blocking|address_similarity
S1-835581754	S3-723539917	S3	cure coffee	cure coffee company	2840 dave ward drive unit apartment f2 conway ar	arkansas conway 2840 dave ward dr	us	us	0.733333	0.419753	0.5	address_digit_variation	address_similarity|exact_address_blocking
S1-835581754	S3-793749688	S3	cure coffee	cure coffee center	2840 dave ward drive unit apartment f2 conway ar	2840 dave ward dr conway arkansas	us	us	0.758621	0.666667	0.5	address_variation_near_threshold	address_similarity|exact_address_blocking
S1-933384875	S3-773914201	S3	universal agro private limited	smt universalagrocom	18 137 mhb colony sarvoday nagar nr hema ind nr samarth vidyalay jogeshwari east mumbai mumbai city maharashtra	d 18 137 mhb colony mumbai vasai महाराष्ट्र	india	india	0.56	0.363636	1.0	address_token_order_or_variation	address_similarity|exact_address_blocking
S1-386654734	S3-508283569	S3	one enterprises	వన్ ఎంటర్ ప్రైజెస్	h number 6 3 712 90 23 2nd floor beside agarwal eye hospital panjagutta hyderabad telangana	h number 6 3 712 90 2 hyderabad తెలంగాణ	india	india	0.060606	0.492308	0.833333	both_name_and_address_weak	exact_name_blocking|exact_address_blocking|name_similarity|address_similarity
S1-95194363	S3-323416945	S3	dream hotels private limited	dream hotels private	flat number 1a bhootal high ve height apartment semra chinhat lucknow uttar pradesh	flat number 1a lucknow faizabad road उत्तर प्रदेश	india	india	0.833333	0.393939	1.0	address_token_order_or_variation	address_similarity|exact_address_blocking
S1-298646564	S3-390263275	S3	zar academy private limited	zar academy private	ram krishna co operative society near durga chowk number 20 gorewada maharashtra nagpur	number 9 20 nagpur mh	india	india	0.826087	0.296296	0.5	address_digit_variation	address_similarity|exact_address_blocking
S1-68456921	S2-154545552	S2	dynamic hospitality private limited	डायनामिक हॉस्पिटैलिटी प्राइवेट लिमिटेड	2nd floor trivedi bhawan pghpl group campus opp western gate a n college boring r oad patna bihar	floor patna bihar	india	india	0.082192	0.298246	0.0	both_name_and_address_weak	exact_name_blocking|exact_address_blocking|name_similarity|address_similarity
S1-224534945	S2-518930624	S2	gitanjali realestate private limited	privaterealestate com 85158	khasra number 950 950 me and 951 village kilhora jalalabad hapur hapur ghaziabad uttar pradesh	950 ghaziabad new delhi uttar pradesh	india	india	0.444444	0.412214	0.5	both_name_and_address_weak	exact_name_blocking|exact_address_blocking|name_similarity|address_similarity
S1-419235241	S2-331102815	S2	zirain eco limited	dovaevo	t hub foundation 1 c 83 1 level 6 raidurg panmakth shaikpet hyderabad telangana	number 524 t hub foundation 1 c 83 1 telangana shaikpet	india	india	0.24	0.597015	0.5	name_variation_no_shared_tokens	name_similarity|exact_name_blocking
S1-304785953	S3-633775998	S3	lafferty certified lifesciences incorporated	laffertycertifiedlifesciences com	13315 schwenger place fairfax county va	13315 schwenher place herndon virginia	us	us	0.831169	0.623377	1.0	address_variation_near_threshold	address_similarity|exact_address_blocking
S1-53041046	S2-219647551	S2	guru care llp	गुरु केयर एलएलपी	gali number 3 behind city mall vijay nagar gokalgarh rewari haryana	gali number 3 null divreportingcircle haryana	india	india	0.137931	0.553571	1.0	name_variation_no_shared_tokens	name_similarity|exact_name_blocking
S1-53041046	S3-674116550	S3	guru care llp	गुरु केयर एलएलपी	gali number 3 behind city mall vijay nagar gokalgarh rewari haryana	rewari hr gokalgarh gali number 003	india	india	0.137931	0.254902	0.0	both_name_and_address_weak	exact_name_blocking|exact_address_blocking|name_similarity|address_similarity
S1-233040222	S3-946248914	S3	crystal navios llc	crystal návi0s llc	14107 james dean drive carmel in		us	us	0.888889	0.0	0.0	missing_address_field	exact_address_blocking|address_similarity
S1-774387323	S3-163732269	S3	trusty homes incorporated	trusty ínc center	130 elm lane north hempstead ny	130 elm ln new hyde park new york	us	us	0.52381	0.46875	1.0	address_token_order_or_variation	address_similarity|exact_address_blocking
S1-872978967	S2-845711730	S2	urology regional clinic corporation	urology regional clinic	2220 66th lane phoenix az	2220 66st ln phoenix az	us	us	0.793103	0.916667	1.0	near_match_outside_top_k	name_similarity|address_similarity
S1-872978967	S3-93715521	S3	urology regional clinic corporation	beloveoorbi	2220 66th lane phoenix az	2220 66th lane pmb 8229 maryvale arizona	us	us	0.304348	0.615385	0.666667	name_variation_no_shared_tokens	name_similarity|exact_name_blocking
S1-872978967	S3-435170483	S3	urology regional clinic corporation	urology regional clinic	2220 66th lane phoenix az	arizona phoenix 2220 66th ln pmb 8229	us	us	0.793103	0.483871	0.666667	address_digit_variation	address_similarity|exact_address_blocking
S1-358618259	S2-846810182	S2	one builders private limited	వన్ బిల్డర్స్ ప్రైవేట్ లిమిటెడ్	flat number 202 plot number 25 sunder nagar s r nagar hyderabad telangana	hyderabad s r nagar flat number 202 andhra pradesh	india	india	0.101695	0.373984	0.5	both_name_and_address_weak	exact_name_blocking|exact_address_blocking|name_similarity|address_similarity
S1-358618259	S3-270180570	S3	one builders private limited	m s one builders private limited	flat number 202 plot number 25 sunder nagar s r nagar hyderabad telangana		india	india	0.933333	0.0	0.0	missing_address_field	exact_address_blocking|address_similarity
S1-524036030	S3-686482320	S3	yes future india private limited	yes fúture india limited service	tiljala road kolkata west bengal kolkata west bengal 93 a kolkata howrah	93 a howrah kolkata wb	india	india	0.71875	0.319149	1.0	address_similarity_below_top_k_threshold	address_similarity|exact_address_blocking
S1-219548536	S3-791592839	S3	dahlen direct muniyield	dahlen direct services	215 victoria road hartford ct		us	us	0.711111	0.0	0.0	missing_address_field	exact_address_blocking|address_similarity
S1-145950089	S3-812978425	S3	param foundation	param fóundation	pune b 204 sangria megapolis rgip phase 3 hinjewadi maharashtra pune	b 204 pune mh	india	india	0.9375	0.246914	0.5	address_digit_variation	address_similarity|exact_address_blocking
S1-864797403	S3-144512575	S3	ecotech commodities private limited	ecotech private commodities limited id 73380	flat number 806 pratima paradise maharanipeta beach road visakhapatnam vishakhapatnam andhra pradesh	flat number 806 visakhapatnam vishakhapatnam ap	india	india	0.683544	0.639456	1.0	moderate_similarity_below_retrieval_threshold	name_similarity|address_similarity
S1-684772333	S2-375054962	S2	vijay consultancy private limited	विजय कंसल्टेंसी प्राइवेट लिमिटेड	plot number 813 1 vikas cinemall situated at g t road naveen shahdara delhi	door number 813 1 north east delhi shahdara delhi	india	india	0.092308	0.580645	1.0	name_variation_no_shared_tokens	name_similarity|exact_name_blocking
S1-476024246	S3-309211196	S3	big ventures private limited	બિગ વેન્ચર્સ પ્રાઇવેટ લિમિટેડ	sir mount near vasupujya bunglows s g road satelite ahmedabad 5th fl 501 ahmedabad gujarat	5th fl 501 ahmedabad gj	india	india	0.105263	0.40708	1.0	both_name_and_address_weak	exact_name_blocking|exact_address_blocking|name_similarity|address_similarity
S1-766893478	S3-828038665	S3	karuna house private limited	karuna house private	123 vivekananda road kolkata howrah west bengal		india	india	0.833333	0.0	0.0	missing_address_field	exact_address_blocking|address_similarity
S1-766893478	S3-449742245	S3	karuna house private limited	private karuna hóuse limited	123 vivekananda road kolkata howrah west bengal	123 vivekanabda road kolkata howrah পশ্চিমবঙ্গ	india	india	0.678571	0.752688	1.0	name_variation_near_threshold	name_similarity|exact_name_blocking
S1-865131206	S3-219374335	S3	helios	helios com	66 edgewood street bridgeport ct	bridgeport 66 edgewood saint connecticut	us	us	0.75	0.5	1.0	address_variation_near_threshold	address_similarity|exact_address_blocking
S1-405074253	S3-879445509	S3	new oil private limited	new oil limited center	f number 206 bldg number 2 mont vert grande sno 122 a sus road pashan pune maharashtra	f number 206 pune mh	india	india	0.666667	0.377358	0.333333	address_digit_variation	address_similarity|exact_address_blocking
S1-405074253	S3-180820413	S3	new oil private limited	new oil proivafe limited	f number 206 bldg number 2 mont vert grande sno 122 a sus road pashan pune maharashtra	mh pune f number 206 pune	india	india	0.93617	0.306306	0.333333	address_digit_variation	address_similarity|exact_address_blocking
S1-448166395	S3-111294485	S3	kerium care	kerium services	ny smithtown 3 bette lane	3 bette lane commack city new york	us	us	0.692308	0.40678	1.0	address_similarity_below_top_k_threshold	address_similarity|exact_address_blocking
S1-6532344	S3-871070212	S3	chiropractic physicians center	chiropracticphysicianscenter com	2493 625 woods cross city ut	2493 625 bountiful utah	us	us	0.903226	0.54902	1.0	address_variation_near_threshold	address_similarity|exact_address_blocking
S1-380833681	S3-702670896	S3	toto institute of technology private limited	m s toto institute of private limited services	number 12 manjolai street addison colony ekkaduthangal chennai tamil nadu	12 chennai tn	india	india	0.733333	0.302326	1.0	address_token_order_or_variation	address_similarity|exact_address_blocking
S1-380833681	S3-372096408	S3	toto institute of technology private limited	toto institute of technology	number 12 manjolai street addison colony ekkaduthangal chennai tamil nadu	number 12 chennai guindy tn	india	india	0.777778	0.4	1.0	address_token_order_or_variation	address_similarity|exact_address_blocking
S1-25879788	S2-39945631	S2	ukf chesapeake incorporated	ukf chésapeake incorporated	141 harold street ma boston	141 harold street roxbury ma	us	us	0.962963	0.727273	1.0	address_variation_near_threshold	address_similarity|exact_address_blocking
S1-393934451	S3-639279066	S3	mangrol technologies private limited	mangrol technologies private	shop number 29 f buil rajeshvar plaza udhna mangrol surat gujarat		india	india	0.875	0.0	0.0	missing_address_field	exact_address_blocking|address_similarity
S1-155228361	S2-83805439	S2	maa company private limited	limited maa company private center	73 balaji layout mylasandra village kengeri hobli bangalore karnataka	ಕರ್ನಾಟಕ 73 bangalore	india	india	0.721311	0.269663	1.0	address_token_order_or_variation	address_similarity|exact_address_blocking
S1-892233306	S3-610135229	S3	sai farmer private limited	private sai farmer limited	315 3rd floor patel avenue near gurudwara s g highway bodakdev ahmedabad gujarat	315 ahmedabad gj	india	india	0.692308	0.333333	0.5	address_digit_variation	address_similarity|exact_address_blocking
S1-307702274	S3-978834272	S3	da india agro limited	da india agro	flat number 1703 brighton tower 2nd cross lane lokhandwala complex mumbai maharashtra	flat number 17 03 bombay mumbai mh	india	india	0.764706	0.504202	0.0	address_variation_near_threshold	address_similarity|exact_address_blocking
S1-385338713	S2-543717376	S2	safe pioneer legato llc	safe pioneer llc legato 91279	21107 deodora drive chesterfield county va	21107 deodora dr petersurg cdp va	us	us	0.769231	0.666667	1.0	address_variation_near_threshold	address_similarity|exact_address_blocking
S1-19593330	S2-813554231	S2	fo aktiengesellschaft incorporated	fo aktiengesellschaft	3736 riverdowns drive n chesterfield county va		us	us	0.763636	0.0	0.0	missing_address_field	exact_address_blocking|address_similarity
S1-19593330	S2-200759904	S2	fo aktiengesellschaft incorporated	fo aktiengesellschaft	3736 riverdowns drive n chesterfield county va		us	us	0.763636	0.0	0.0	missing_address_field	exact_address_blocking|address_similarity
S1-459898634	S2-754528564	S2	west patriot metal incorporated	west patriot	34 fassett street wellsville ny		us	us	0.55814	0.0	0.0	missing_address_field	exact_address_blocking|address_similarity
S1-751233527	S2-142272219	S2	beaulieu spillane brewing incorporated	beaulieuspillanebrewing com	1500 boston providence highway unit 30b norwood ma	1500 boston providence hwy norrwood ma	us	us	0.8	0.840909	0.5	near_match_outside_top_k	name_similarity|address_similarity
S1-952266463	S2-815318202	S2	legacy jaws incorporated	legacy jáws	1820 7th street unit 419 phoenix az	1820 7th street rio salado az	us	us	0.571429	0.6875	0.666667	moderate_similarity_below_retrieval_threshold	name_similarity|address_similarity
S1-854207766	S2-202538022	S2	yamuan education private limited	yamuan education prsoate limited	h number 17 sector 41 aghapur noida gautam buddha nagar uttar pradesh	h number 017 sector 41 ahgapur noida उत्तर प्रदेश	india	india	0.9375	0.610169	0.333333	address_variation_near_threshold	address_similarity|exact_address_blocking
S1-854207766	S2-350815586	S2	yamuan education private limited	private yamuan education límited	h number 17 sector 41 aghapur noida gautam buddha nagar uttar pradesh	h number 017 gautam buddha nagar yusufpur chak saberi uttar pradesh	india	india	0.71875	0.661765	0.0	moderate_similarity_below_retrieval_threshold	name_similarity|address_similarity
S1-793019850	S2-565838685	S2	rocky trust llc	rockytrust	846 217 claverack ny	846 217 hudson ny	us	us	0.8	0.594595	1.0	address_variation_near_threshold	address_similarity|exact_address_blocking
S1-183283123	S3-804180847	S3	zq fishery company	zq fboibehry company	1st floor plot number 2 opposite housing board akara batta abu road sirohi rajasthan	1 floor abu road sirohi rj	india	india	0.842105	0.472727	0.5	address_digit_variation	address_similarity|exact_address_blocking
S1-155027115	S2-780856981	S2	bharat jai tech	भारत जय टेक	157 udyog kendra toy cit greater noida bishrakh gautam buddha nagar uttar pradesh	157 bishrakh gautam buddha nagar uttar pradesh	india	india	0.153846	0.724409	1.0	name_variation_no_shared_tokens	name_similarity|exact_name_blocking
S1-327685774	S2-495893925	S2	vantus islands pc	center vantus pc	4421 florin road sacramento ca	parkway ca 4421 florin road	us	us	0.545455	0.561404	1.0	moderate_similarity_below_retrieval_threshold	name_similarity|address_similarity
S1-549086594	S2-808013831	S2	sun marketing private limited	सन मार्केटिंग प्राइवेट लिमिटेड	d 8 gf pandav nagar east delhi delhi	delhi new delhi d 08 gf pandav nagar	india	india	0.101695	0.527778	0.0	name_variation_no_shared_tokens	name_similarity|exact_name_blocking
S1-388325812	S3-131944817	S3	slate incorporated	slate	1930 fawn drive cheltenham township pa	1930 fawn dr pennsylvania glenside	us	us	0.434783	0.527778	1.0	name_token_order_variation	name_similarity|exact_name_blocking
S1-388325812	S3-197262044	S3	slate incorporated	sagre incorporated	1930 fawn drive cheltenham township pa	fawn drive glenside pennsylvania	us	us	0.888889	0.542857	0.0	address_variation_near_threshold	address_similarity|exact_address_blocking
S1-576426786	S2-744028128	S2	jennings seaver powell corporation	jennings seaver and	7159 sagert street unit 106 tualatin or	7159 sagert saint tualatin or	us	us	0.679245	0.764706	0.5	name_variation_near_threshold	name_similarity|exact_name_blocking
S1-838617018	S3-239301588	S3	gsp academy	gsp academy corporation	flat number 201 plot number 124 b sector vidhya nagar hoshangabad road bhopal madhya pradesh	flat number 201 bhopal mp	india	india	0.647059	0.42735	0.5	address_digit_variation	address_similarity|exact_address_blocking
S1-621488922	S3-521016420	S3	human rights trust	human rights trust company	2320 pitts place unit 2 washington dc	pitts pl 2 washington district of columbia	us	us	0.818182	0.607595	0.5	address_variation_near_threshold	address_similarity|exact_address_blocking
S1-621488922	S3-809402643	S3	human rights trust	viobelo	2320 pitts place unit 2 washington dc	washington 2 district of columbia 002320 pitts place	us	us	0.08	0.359551	0.333333	both_name_and_address_weak	exact_name_blocking|exact_address_blocking|name_similarity|address_similarity
S1-464761064	S2-476337457	S2	lumola inflection incorporated	lumola inflection	4140 winchester avenue ashland ky		us	us	0.723404	0.0	0.0	missing_address_field	exact_address_blocking|address_similarity
S1-441821984	S3-890496189	S3	balaji finance private limited	balaji finance limited private id 85000	east delhi b 32 delhi u g f b s office number 1 1st floor subhash chowk near hira sweets vikas marg lax mi nagar new delhi	d 176 b 32 dl east delhi preet vihar	india	india	0.724638	0.253165	0.333333	address_digit_variation	address_similarity|exact_address_blocking
S1-952571031	S3-106480282	S3	pediatric dental associates llc	pediatric dental associates llc trading	109 adams street elmhurst il		us	us	0.885714	0.0	0.0	missing_address_field	exact_address_blocking|address_similarity
S1-183760590	S2-947379718	S2	precision business worldwide corporation	precisi0n business worldwide	1213 clarinet road elkhart in		us	us	0.794118	0.0	0.0	missing_address_field	exact_address_blocking|address_similarity
S1-585596917	S3-870808310	S3	bharat industries private limited	bharat industries	13 04 16 1 flat number 106 ground floor gayathri res matwada warangal warangal urban telangana		india	india	0.68	0.0	0.0	missing_address_field	exact_address_blocking|address_similarity
S1-988321030	S2-950284560	S2	primary care associates llc	llc primary care associates	405 oak street unit ste 5 conway ar	405 409 oak saint conway ar	us	us	0.851852	0.645161	0.333333	address_variation_near_threshold	address_similarity|exact_address_blocking
S1-988321030	S2-121165186	S2	primary care associates llc	primary care associates	405 oak street unit ste 5 conway ar	ar conway 405 409 oak street	us	us	0.92	0.444444	0.333333	address_digit_variation	address_similarity|exact_address_blocking
S1-988321030	S3-640381656	S3	primary care associates llc	primary care associates llc board	405 oak street unit ste 5 conway ar	405 oak street po box 7141 conway arkansas	us	us	0.9	0.701299	0.333333	address_variation_near_threshold	address_similarity|exact_address_blocking
S1-809024061	S2-730625481	S2	digiovanni management lp	digiovanni lp center	9826 rocky wash drive az tucson		us	us	0.636364	0.0	0.0	missing_address_field	exact_address_blocking|address_similarity
S1-360909582	S3-551329412	S3	coastal school of medicine	school coastal of medicine	3 astor ridge drive unit unit d amherst ny	unit d bufalo new york 3 astor ridge dr	us	us	0.730769	0.395062	1.0	address_similarity_below_top_k_threshold	address_similarity|exact_address_blocking
S1-942104958	S2-946678919	S2	force wealthtech private limited	pibante force wealthtech limited	pune 148 maharashtra pune ganesh nagar colony number 12 pune	maharashtra block g 24 148 pune	india	india	0.75	0.483516	0.333333	address_digit_variation	address_similarity|exact_address_blocking
S1-942104958	S3-915116552	S3	force wealthtech private limited	force waefobhtbeh private limited	pune 148 maharashtra pune ganesh nagar colony number 12 pune	number 415 148 pune mh	india	india	0.861538	0.317073	0.333333	address_digit_variation	address_similarity|exact_address_blocking
S1-942104958	S3-105932328	S3	force wealthtech private limited	force wealthtech limited services	pune 148 maharashtra pune ganesh nagar colony number 12 pune	mh pune number 415 148 pune	india	india	0.738462	0.482759	0.333333	address_digit_variation	address_similarity|exact_address_blocking
S1-942104958	S3-887375431	S3	force wealthtech private limited	smt forcewealthtech com	pune 148 maharashtra pune ganesh nagar colony number 12 pune	415 148 pune महाराष्ट्र	india	india	0.618182	0.240964	0.333333	address_digit_variation	address_similarity|exact_address_blocking
S1-299434720	S3-330665696	S3	twisted bike shop	twistedbikeshop com	2015 glenview road glenview il	illinois glenview 201 glenview road	us	us	0.833333	0.523077	0.0	address_variation_near_threshold	address_similarity|exact_address_blocking
S1-218948566	S3-666592235	S3	vision global solutions private limited	विजन ग्लोबल सॉल्यूशंस प्राइवेट लिमिटेड	pune midc industrial estate bhosari w51 pune maharashtra	greater bombay mh w51 pune	india	india	0.103896	0.390244	1.0	both_name_and_address_weak	exact_name_blocking|exact_address_blocking|name_similarity|address_similarity
S1-169108778	S2-650989582	S2	smart industries private limited	स्मार्ट इंडस्ट्रीज प्राइवेट लिमिटेड	delhi south delhi new delhi omaxe square plot number 14 jasola district center unit number ff 48a	unit number ff 048a south delhi new delhi delhi	india	india	0.089552	0.375	0.0	both_name_and_address_weak	exact_name_blocking|exact_address_blocking|name_similarity|address_similarity
S1-658151638	S2-538524338	S2	empire foundation	empirefoundationcom	43 debbie drive stafford county va	debbie dr fredericksburg va	us	us	0.888889	0.491803	0.0	address_token_order_or_variation	address_similarity|exact_address_blocking
S1-658151638	S3-57947058	S3	empire foundation	empire foundation company	43 debbie drive stafford county va	43 debbie drive fredericksburg virginia	us	us	0.809524	0.575342	1.0	address_variation_near_threshold	address_similarity|exact_address_blocking
S1-200572754	S3-46468591	S3	triple partners private limited	triple partners limited private www triplep com	anand tirath bhumi near j k park chikhodra chowkadi 7 gujarat anand	7 mumbai anand gj	india	india	0.666667	0.166667	1.0	address_token_order_or_variation	address_similarity|exact_address_blocking
S1-766458019	S3-449535996	S3	today charitable trust	todaycharitabletrust com	kanchipuram tamil nadu saidapet 13 2 floor balaji nagar 3rd phase puzhuthivakkam	13 saidapet kanchipuram tn	india	india	0.869565	0.264151	0.333333	address_digit_variation	address_similarity|exact_address_blocking
S1-766458019	S3-787789921	S3	today charitable trust	today charitmbale trust	kanchipuram tamil nadu saidapet 13 2 floor balaji nagar 3rd phase puzhuthivakkam	13 kanchipuram saidapet tn	india	india	0.933333	0.415094	0.333333	address_digit_variation	address_similarity|exact_address_blocking
S1-947166860	S3-29876156	S3	apoorva works private limited	wexwex	22 2791 old y block 6th street 12th main road anna nagar chennai tamil nadu	b3 22 2791 chennai city region tn	india	india	0.171429	0.37037	0.4	both_name_and_address_weak	exact_name_blocking|exact_address_blocking|name_similarity|address_similarity
S1-930625292	S2-913963814	S2	department of public works	department of	310 63rd street birmingham al	310 63rd saint birmingham al	us	us	0.666667	0.877193	1.0	name_variation_near_threshold	name_similarity|exact_name_blocking
S1-122232705	S3-816700908	S3	noah trust llc	noah llc center	6096 tinley mill drive prince william county va	6096 tinley mill dr haymarket virginia	us	us	0.551724	0.588235	1.0	moderate_similarity_below_retrieval_threshold	name_similarity|address_similarity
S1-104955523	S2-324764832	S2	infotech engineering private limited	private infotech engneering limited	h number 555 556 budhwar peth pune city maharashtra ground floor shop number 2a pune	hn d 123 ground floor shop number 2a pune महाराष्ट्र pune city	india	india	0.760563	0.493151	0.25	address_digit_variation	address_similarity|exact_address_blocking
S1-565539266	S2-492189110	S2	digital engineering private limited	digital engineering private límited	d10 77 1b ginning compound nh s g pudur avinashi road arasur po palladam coimbatore tamil nadu		india	india	0.971429	0.0	0.0	missing_address_field	exact_address_blocking|address_similarity
S1-208973592	S2-481660181	S2	morgan ameren incorporated	incorporated morgan aembern	la 266 enterprise drive houma	266 enterprise dr bayou cane la	us	us	0.45283	0.666667	1.0	name_token_order_variation	name_similarity|exact_name_blocking
S1-208973592	S3-931413846	S3	morgan ameren incorporated	morganameren	la 266 enterprise drive houma	bayou cane louisiana 267 enterprise drive	us	us	0.631579	0.628571	0.0	moderate_similarity_below_retrieval_threshold	name_similarity|address_similarity
S1-760271020	S2-102338406	S2	federal society	federal society corporation	7777 oakwood street ralston ne	07777 oakwood street omaha townsihp ne	us	us	0.714286	0.794118	0.0	name_variation_near_threshold	name_similarity|exact_name_blocking
S1-760271020	S2-867554145	S2	federal society	federal society incorporated	7777 oakwood street ralston ne	07777 oakwood street omaha townsihp ne	us	us	0.697674	0.794118	0.0	name_variation_near_threshold	name_similarity|exact_name_blocking
S1-760271020	S2-234214850	S2	federal society	federal socidy	7777 oakwood street ralston ne	07777 oakwood street omaha townsihp ne	us	us	0.896552	0.794118	0.0	near_match_outside_top_k	name_similarity|address_similarity
S1-760271020	S3-746538040	S3	federal society	federal sicety	7777 oakwood street ralston ne	7777 7781 oakwood street omahaa township nebraska	us	us	0.896552	0.683544	0.5	address_variation_near_threshold	address_similarity|exact_address_blocking
S1-378245327	S2-525888317	S2	dental center	dental cfenter	12814 175th avenue monroe wa		us	us	0.962963	0.0	0.0	missing_address_field	exact_address_blocking|address_similarity
S1-378245327	S3-646121866	S3	dental center	dental center llc	12814 175th avenue monroe wa	12814 175th avenue snohomish washington	us	us	0.866667	0.686567	1.0	address_variation_near_threshold	address_similarity|exact_address_blocking
S1-552321484	S3-424336274	S3	upper sterling incorporated	upper sterling	9 owen road grafton ny		us	us	0.682927	0.0	0.0	missing_address_field	exact_address_blocking|address_similarity
S1-130264484	S2-32411869	S2	green foundation limited	ग्रीन फाउंडेशन लिमिटेड	875 31 laxman vihar phase i gurgaon haryana	875 31 gurgaon haryana	india	india	0.086957	0.676923	1.0	name_variation_no_shared_tokens	name_similarity|exact_name_blocking
S1-130264484	S3-11461627	S3	green foundation limited	ग्रीन foundation limited	875 31 laxman vihar phase i gurgaon haryana	875 31 gurgaon hr	india	india	0.791667	0.566667	1.0	address_variation_near_threshold	address_similarity|exact_address_blocking
S1-226564818	S2-891882828	S2	literacy fund llc	literacy fund enterprises	414 b white oak street high point nc		us	us	0.666667	0.0	0.0	missing_address_field	exact_address_blocking|address_similarity
S1-574668375	S3-59072810	S3	bd dham limited	bddham com	n 219 greater kailash part ii new delhi south delhi delhi	plot 407 n 219 greater kailash pat ii new delhi south delhi dl	india	india	0.64	0.890756	0.5	name_variation_near_threshold	name_similarity|exact_name_blocking
S1-596555182	S2-697857785	S2	creative consultancy private limited	creative private limited center	20b sarat bose road kolkata howrah west bengal	20b sarat bose road kolkata পশ্চিমবঙ্গ	india	india	0.716418	0.666667	1.0	moderate_similarity_below_retrieval_threshold	name_similarity|address_similarity
S1-829983869	S3-260788533	S3	yugantar technologies limited	yugantar limited center	ahmadabad city 308 third floor shail complex nr swagat restaurant opp madhusudan house gujarat ahmedabad	plot 319 308 ahmedabad ગુજરાત	india	india	0.615385	0.225564	0.5	address_digit_variation	address_similarity|exact_address_blocking
S1-567424927	S3-921353007	S3	happy auto body	happy auto body corporation	760 main street unit 2 brigham city ut	60 main street brigham city utah	us	us	0.714286	0.857143	0.0	name_variation_near_threshold	name_similarity|exact_name_blocking
S1-40162994	S3-695018314	S3	cp kgaa l l c	cp llc center	5613 cloverland drive nashville tn	5613 cloverland dr brentwood tennessee	us	us	0.538462	0.638889	1.0	moderate_similarity_below_retrieval_threshold	name_similarity|address_similarity
S1-16609748	S2-54823044	S2	midwest mountain wells llc	midwest muntbeani wells llc	2140 71st street lubbock tx	2140 71th saint lubbock tx	us	us	0.90566	0.830189	1.0	near_match_outside_top_k	name_similarity|address_similarity
S1-675959550	S3-112098039	S3	ne forwarding private limited	ne forwarding private	number 5m 651 a 1st floor 5th main banasawadi ombr layout bangalore karnataka	005m 651 a bangalore ka	india	india	0.84	0.42	0.25	address_digit_variation	address_similarity|exact_address_blocking
S1-555543655	S3-676781473	S3	nile solutions private limited	sri nile solutions prívate limited	513 city centre 63 2 the mall kanpur uttar pradesh	door number 73 1 513 kanpur up	india	india	0.90625	0.325	0.2	address_digit_variation	address_similarity|exact_address_blocking
S1-943879014	S3-420174178	S3	crj traders of mysore private limited	mr crjtradersmysore com	number 36 3rd stage hale kesare rs naidu nagar mysore karnataka	number 36 mysore ಕರ್ನಾಟಕ	india	india	0.6	0.390805	0.5	address_digit_variation	address_similarity|exact_address_blocking
S1-765734254	S3-799567902	S3	health fellowship partners	health fellowship partners federation	601 oleander circle virginia beach city va		us	us	0.825397	0.0	0.0	missing_address_field	exact_address_blocking|address_similarity
S1-392214139	S2-90508167	S2	jk college	sri jk jk college	515 palm spring centre link road malad west mumbai maharashtra	mumbai malad west 515 महाराष्ट्र	india	india	0.740741	0.319149	1.0	address_similarity_below_top_k_threshold	address_similarity|exact_address_blocking
S1-184794725	S3-469499839	S3	surat associates private limited	surat associates private	115 sunday hub shopping center near ankur vidhyalay surat gujarat	115 surat gj	india	india	0.857143	0.311688	1.0	address_token_order_or_variation	address_similarity|exact_address_blocking
S1-582307657	S3-992288030	S3	halcus lionheart	halcus lionedhrt	2019 new sun drive fl 2 florissant mo		us	us	0.875	0.0	0.0	missing_address_field	exact_address_blocking|address_similarity
S1-52507682	S2-761485390	S2	gold impex private limited	ગોલ્ડ ઇમ્પેક્સ પ્રાઇવેટ લિમિટેડ	301 nisarg appt nr dimple row house piplod surat city surat gujarat	number 591 301 surat city surat gujarat	india	india	0.105263	0.528302	0.5	name_variation_no_shared_tokens	name_similarity|exact_name_blocking
S1-52507682	S2-291898427	S2	gold impex private limited	ગોલ્ડ ઇમ્પેક્સ પ્રાઇવેટ લિમિટેડ	301 nisarg appt nr dimple row house piplod surat city surat gujarat	591 301 surat city surat gujarat	india	india	0.105263	0.565657	0.5	name_variation_no_shared_tokens	name_similarity|exact_name_blocking
S1-52507682	S3-84022886	S3	gold impex private limited	gold impex private	301 nisarg appt nr dimple row house piplod surat city surat gujarat	301 surat gj	india	india	0.818182	0.303797	1.0	address_token_order_or_variation	address_similarity|exact_address_blocking
S1-722170008	S2-445745602	S2	ziraendra investments private limited	ziraendra investments ptrovcet limited	g 76 a first floor road number 13 saheen bagh abul fazal enclave part ii jamia naga r new delhi delhi		india	india	0.906667	0.0	0.0	missing_address_field	exact_address_blocking|address_similarity
S1-763279630	S3-57165051	S3	vyas foundation	vyas fóundation	sr number 26 chandrika park flat number 503 lane number 8 pune city pune maharashtra	sr number 26 pune city pune mh	india	india	0.933333	0.526316	0.333333	address_variation_near_threshold	address_similarity|exact_address_blocking
S1-833798119	S3-342879520	S3	regional spruce llc	regional sraoe llc	10 n1026 eagar az	10 n1026 apache county arizona	us	us	0.864865	0.553191	1.0	address_variation_near_threshold	address_similarity|exact_address_blocking
S1-886434037	S2-915146508	S2	om estate private limited	estate om private limited	block s 113 5 midc bhosari pune maharashtra	midc bhosari pune block s 113 5 महाराष्ट्र	india	india	0.88	0.447059	1.0	address_similarity_below_top_k_threshold	address_similarity|exact_address_blocking
S1-684505968	S3-300894176	S3	namaskar company company	naadkar company company 60371	b 70 51 keshav puram delhi north west delhi delhi	b a 70 51 north west delhi delhi dl	india	india	0.830189	0.714286	1.0	address_variation_near_threshold	address_similarity|exact_address_blocking
S1-372903225	S3-845582833	S3	elevate professional center	miraumbra	74b lowther road allahabad uttar pradesh	74b lowther road kaushambi allahabad उत्तर प्रदेश	india	india	0.166667	0.629213	1.0	name_variation_no_shared_tokens	name_similarity|exact_name_blocking
S1-479783161	S2-877881238	S2	sz optics incorporated	sz orphgdcs incorporated	3948 foothill road santa barbara ca	3948 foothill road eastern goleta valley ca	us	us	0.869565	0.717949	1.0	address_variation_near_threshold	address_similarity|exact_address_blocking
S1-241678218	S3-93364060	S3	blue global limited	dr blue glóbal limited	shop number 16 ground floor market block nehru nagar new delhi south delhi delhi		india	india	0.878049	0.0	0.0	missing_address_field	exact_address_blocking|address_similarity
S1-872302647	S2-951619159	S2	lucky pilates incorporated	lucky pirlates incorporated	321 21st street unit c newark oh	321 twenty first street newark oh	us	us	0.981132	0.707692	0.5	address_variation_near_threshold	address_similarity|exact_address_blocking
S1-872302647	S3-56614947	S3	lucky pilates incorporated	lucky incorporated pi1ates	321 21st street unit c newark oh		us	us	0.692308	0.0	0.0	missing_address_field	exact_address_blocking|address_similarity
S1-872302647	S3-983622567	S3	lucky pilates incorporated	lucky pilates	321 21st street unit c newark oh		us	us	0.666667	0.0	0.0	missing_address_field	exact_address_blocking|address_similarity
S1-305440895	S3-210855008	S3	no nursing home	no nursing home company	32 vill bania bigha tola bania bigha panch amara panchyat block arwal arwal bihar	32 block arwal arwal br	india	india	0.789474	0.442308	1.0	address_token_order_or_variation	address_similarity|exact_address_blocking
S1-305440895	S3-292471555	S3	no nursing home	no nursing	32 vill bania bigha tola bania bigha panch amara panchyat block arwal arwal bihar	32 block arwal arwal बिहार	india	india	0.8	0.392523	1.0	address_token_order_or_variation	address_similarity|exact_address_blocking
S1-305440895	S3-547827089	S3	no nursing home	no nursing service	32 vill bania bigha tola bania bigha panch amara panchyat block arwal arwal bihar	32 arwal block arwal br	india	india	0.727273	0.384615	1.0	address_token_order_or_variation	address_similarity|exact_address_blocking
S1-882796400	S3-885523752	S3	helpful general private limited	smt helpful private general limited id 3838	2803 redwood runwal greens mulund goregaon link road bhandup west mumbai mumbai city maharashtra	9 2803 mumbai mumbai city mh	india	india	0.621622	0.419355	0.5	address_digit_variation	address_similarity|exact_address_blocking
S1-900870097	S3-948310651	S3	gujarat technologies private limited	गुजरात टेक्नोलॉजीज प्राइवेट लिमिटेड	cabin number 108 first floor tower 1 steller crest business center it park c 25 sector 6 2 noida gautam buddha nagar uttar pradesh	cabin number 108 noida gautam buddha nagar up	india	india	0.084507	0.514286	0.2	name_variation_no_shared_tokens	name_similarity|exact_name_blocking
S1-900870097	S3-962132902	S3	gujarat technologies private limited	गुजरात टेक्नोलॉजीज प्राइवेट लिमिटेड	cabin number 108 first floor tower 1 steller crest business center it park c 25 sector 6 2 noida gautam buddha nagar uttar pradesh	cabin number 108 noida gautam buddha nagar up	india	india	0.084507	0.514286	0.2	name_variation_no_shared_tokens	name_similarity|exact_name_blocking
S1-900870097	S3-883136069	S3	gujarat technologies private limited	gujarat technologies private	cabin number 108 first floor tower 1 steller crest business center it park c 25 sector 6 2 noida gautam buddha nagar uttar pradesh	noida उत्तर प्रदेश gautam buddha nagar cain number 108	india	india	0.875	0.315217	0.2	address_digit_variation	address_similarity|exact_address_blocking
S1-242195439	S3-63470648	S3	dream infra limited	dream infra	gat number 71 22 turkheda near mamurabad jalgaon jalgaon maharashtra	gat number 71 22 jalgaon महाराष्ट्र	india	india	0.733333	0.485437	1.0	address_similarity_below_top_k_threshold	address_similarity|exact_address_blocking
S1-102881886	S3-673002177	S3	saugerties township of incorporated	ectoriza	3185 9w saugerties ny	9w new york saugerties	us	us	0.232558	0.604651	0.5	name_variation_no_shared_tokens	name_similarity|exact_name_blocking
S1-605858505	S3-695970061	S3	liberty patriot tungsten incorporated	liberty patriot	861 burnham drive university park il unit e	0861 burnham dr e incorporated illinois	us	us	0.576923	0.560976	0.0	moderate_similarity_below_retrieval_threshold	name_similarity|address_similarity
S1-382072597	S3-775924885	S3	lotus developers private limited	private lotus developers límited	kolkata 14j howrah west bengal station road dhakuria kolkata	14j wb howrah kolkata region	india	india	0.71875	0.318182	1.0	address_similarity_below_top_k_threshold	address_similarity|exact_address_blocking
S1-972508292	S3-281518519	S3	cutting jewels limited	cutting cutting jwe1s limited	radha rani sinha marg near by navyug vidyalay opposite of p or t colony adampur jagdishpur bhagalpur bihar		india	india	0.784314	0.0	1.0	missing_address_field	exact_address_blocking|address_similarity
S1-222806068	S3-661189176	S3	maa products private limited	maa products private limited enterprises	number 89 2nd floor jr plaza cmc road senjai karaikudi sivaganga tamil nadu		india	india	0.823529	0.0	0.0	missing_address_field	exact_address_blocking|address_similarity
S1-222806068	S3-546864144	S3	maa products private limited	maa products private	number 89 2nd floor jr plaza cmc road senjai karaikudi sivaganga tamil nadu		india	india	0.833333	0.0	0.0	missing_address_field	exact_address_blocking|address_similarity
S1-206894799	S2-984757330	S2	dynamic exports private limited	ಡೈನಾಮಿಕ್ ಎಕ್ಸ್ ಪೋರ್ಟ್ಸ್ ಪ್ರೈವೇಟ್ ಲಿಮಿಟೆಡ್	56 saint thomos school road industrial suburb vishweshwara nagar mysore karnataka	56 vishweshwara nagar mysore ಕರ್ನಾಟಕ	india	india	0.083333	0.495726	1.0	both_name_and_address_weak	exact_name_blocking|exact_address_blocking|name_similarity|address_similarity
S1-206894799	S3-611476936	S3	dynamic exports private limited	dynamic exooceps private limited	56 saint thomos school road industrial suburb vishweshwara nagar mysore karnataka	h number 0056 vishweshwara nagar mysore ಕರ್ನಾಟಕ	india	india	0.888889	0.453125	0.0	address_digit_variation	address_similarity|exact_address_blocking
S1-202909837	S2-193023352	S2	sevue family office incorporated	incorporated sevue family óffice	baltimore md 2102 patapsco avenue	2102 patapsco avenue po box 9248 baltimore md	us	us	0.5625	0.512821	0.5	moderate_similarity_below_retrieval_threshold	name_similarity|address_similarity
S1-202909837	S2-726265291	S2	sevue family office incorporated	sevue family	baltimore md 2102 patapsco avenue	2102 patapsco avenue po box 9248 baltimore md	us	us	0.545455	0.512821	0.5	moderate_similarity_below_retrieval_threshold	name_similarity|address_similarity
S1-84172548	S3-632715238	S3	prime food private limited	ಪ್ರೈಮ್ ಫುಡ್ ಪ್ರೈವೇಟ್ ಲಿಮಿಟೆಡ್	number 14 13th cross gante s gopal building opposite to kandhya bhavan cubbonpet bangalore karnataka	number 14 bangalore ka	india	india	0.109091	0.360656	0.5	both_name_and_address_weak	exact_name_blocking|exact_address_blocking|name_similarity|address_similarity
S1-98065022	S3-698900166	S3	care consultants	careconsultants com	survey number 29 plot number 2 b h navjivan way bridge himatnagar sabarkantha gujarat	29 himatnagar null gj	india	india	0.857143	0.339623	0.5	address_digit_variation	address_similarity|exact_address_blocking
S1-332238776	S3-330125422	S3	ashoka india private limited	private ashoka india limited	10 ishan bunglows near parl villa bunglow village shilaj taluka daskroi ahmedabad gujarat	10 bopal gj	india	india	0.714286	0.22	1.0	address_token_order_or_variation	address_similarity|exact_address_blocking
S1-332238776	S3-407698529	S3	ashoka india private limited	ashoka iraohha private limited	10 ishan bunglows near parl villa bunglow village shilaj taluka daskroi ahmedabad gujarat	10 bopal gj	india	india	0.862069	0.22	1.0	address_token_order_or_variation	address_similarity|exact_address_blocking
S1-786170207	S3-44389023	S3	matti valverde dds llc	orbijaxdelta	1712 21st street redmond or	1712 twenyt first street redmnd oregon	us	us	0.235294	0.738462	0.5	name_variation_no_shared_tokens	name_similarity|exact_name_blocking
S1-946221985	S2-833081173	S2	valley investments llc	valley invsetmest llc	35 clark road bourne ma	35 clark road sagamor beach ma	us	us	0.790698	0.716981	1.0	address_variation_near_threshold	address_similarity|exact_address_blocking
S1-188302195	S3-383757478	S3	signature state lp	incorporated signature state	804 35th street baltimore md	804 35th saint baltimore maryland	us	us	0.652174	0.786885	1.0	name_variation_near_threshold	name_similarity|exact_name_blocking
S1-611979795	S2-3495097	S2	basf india marketing private limited	private basf india mgardting limited	2nd floor site 6 number 42 2 munnekolala varthur hobli bangalore karnataka	h number 2nd floor bangalore karnataka	india	india	0.722222	0.517857	0.333333	moderate_similarity_below_retrieval_threshold	name_similarity|address_similarity
S1-467800339	S2-797035971	S2	raj projects private limited	ರಾಜ್ ಪ್ರಾಜೆಕ್ಟ್ಸ್ ಪ್ರೈವೇಟ್ ಲಿಮಿಟೆಡ್	tower a 5th floor mis deeta construction pvt ltd number 51 deverabisanahalli innov8 mantri commercio bangalore karnataka bangalore south	innov 8 mantri commercio bangalore south bangalore ಕರ್ನಾಟಕ	india	india	0.095238	0.474227	0.333333	both_name_and_address_weak	exact_name_blocking|exact_address_blocking|name_similarity|address_similarity
S1-599145787	S2-499470964	S2	samagra electronics private limited	samagra electronics ptibvte limited	11th main road btm layout 1st stage bangalore south bangalore number 65 karnataka		india	india	0.942857	0.0	0.0	missing_address_field	exact_address_blocking|address_similarity
S1-8813651	S2-794077082	S2	high industries private limited	हाई इंडस्ट्रीज प्राइवेट लिमिटेड	42 333 sant tukaram nagar pimpri pune maharashtra	4 2 333 sant tukaram nagar pimpri pune महाराष्ट्र	india	india	0.096774	0.77551	0.25	name_variation_no_shared_tokens	name_similarity|exact_name_blocking
S1-908551239	S2-788299668	S2	sun solutions private limited	सन सॉल्यूशंस प्राइवेट लिमिटेड	f number 403 sudha nill aptt new p p colony patliputra patna bihar	patna f number 40 patna bihar	india	india	0.103448	0.484211	0.0	both_name_and_address_weak	exact_name_blocking|exact_address_blocking|name_similarity|address_similarity
S1-908551239	S2-225415982	S2	sun solutions private limited	सन सॉल्यूशंस प्राइवेट लिमिटेड	f number 403 sudha nill aptt new p p colony patliputra patna bihar	f number 40 patna bihar	india	india	0.103448	0.516854	0.0	name_variation_no_shared_tokens	name_similarity|exact_name_blocking
S1-908551239	S3-719062371	S3	sun solutions private limited	सन सॉल्यूशंस प्राइवेट लिमिटेड	f number 403 sudha nill aptt new p p colony patliputra patna bihar	बिहार patna f number 403	india	india	0.103448	0.266667	1.0	both_name_and_address_weak	exact_name_blocking|exact_address_blocking|name_similarity|address_similarity
S1-556312606	S3-997464294	S3	behavioral health clinic of upper pottsgrove township llc	healthclinicbehavioralcom	217 stone hill drive upper pottsgrove township pa	pottstown 217 b stone hill dr pennsylvania	us	us	0.292683	0.527473	1.0	name_variation_no_shared_tokens	name_similarity|exact_name_blocking
S1-622374625	S3-446634745	S3	om estate private limited	om estate private	gujara mala pune maharashtra ap shirur tal shirur pune		india	india	0.809524	0.0	1.0	missing_address_field	exact_address_blocking|address_similarity
S1-622374625	S3-726746553	S3	om estate private limited	ओम एस्टेट प्राइवेट लिमिटेड	gujara mala pune maharashtra ap shirur tal shirur pune	gujara mala pune nimone mh	india	india	0.117647	0.5	1.0	name_variation_no_shared_tokens	name_similarity|exact_name_blocking
S1-215335896	S2-45923142	S2	north investment private limited	नॉर्थ इन्वेस्टमेंट प्राइवेट लिमिटेड	office number 102 pentagon tower p4 magarpatta pune city pune maharashtra	pune city maharashtra pune plot 81 office number 102	india	india	0.089552	0.272	0.333333	both_name_and_address_weak	exact_name_blocking|exact_address_blocking|name_similarity|address_similarity
S1-591079835	S3-375990442	S3	foot ankle all clinic llc	foot ankle all	528 mae street fl 1 medford or		us	us	0.717949	0.0	0.0	missing_address_field	exact_address_blocking|address_similarity
S1-252242682	S2-84842746	S2	aggie e nagle l c s w	aggieenagle com	11900 54th avenue plymouth mn	54nd avenue minneaplis mn	us	us	0.722222	0.555556	0.5	moderate_similarity_below_retrieval_threshold	name_similarity|address_similarity
S1-681392030	S3-340243016	S3	care institute of technology	care institute óf technology	west bengal howrah 229 kolkata netaji subhas chandra bose road vishnu enclave 3rd floor flat number 3a kolkata	229 kolkata wb	india	india	0.964286	0.209677	0.5	address_digit_variation	address_similarity|exact_address_blocking
S1-892015074	S3-240411148	S3	new food	new food company	sy number 802 806 807 beeramguda ramachandrapuram medak telangana	plot 388 sy number 802 806 807 beeramguda hyderabad city region medak తెలంగాణ	india	india	0.666667	0.633803	0.75	moderate_similarity_below_retrieval_threshold	name_similarity|address_similarity
S1-892015074	S3-817353302	S3	new food	న్యూ ఫుడ్	sy number 802 806 807 beeramguda ramachandrapuram medak telangana	hyderabad city region medak 806 807 beeramguda తెలంగాణ plot 388 sy number 802	india	india	0.117647	0.380282	0.75	both_name_and_address_weak	exact_name_blocking|exact_address_blocking|name_similarity|address_similarity
S1-892015074	S3-247125004	S3	new food	new food company	sy number 802 806 807 beeramguda ramachandrapuram medak telangana	plot 388 sy number 802 806 807 beeramguda hyderabad city region medak తెలంగాణ	india	india	0.666667	0.633803	0.75	moderate_similarity_below_retrieval_threshold	name_similarity|address_similarity
S1-760816941	S3-452171887	S3	rishika company	m s rishika com	s 553 554 school block shakarpur new delhi delhi	block g 648 s 553 554 school block null दिल्ली shakarpur	india	india	0.733333	0.615385	0.666667	moderate_similarity_below_retrieval_threshold	name_similarity|address_similarity
S1-514423627	S3-967570233	S3	valley coalition	valley c0alition district	9628 laurel lane fl 1 scottsdale az	laurel ln scottsdale arizona	us	us	0.731707	0.730159	0.0	moderate_similarity_below_retrieval_threshold	name_similarity|address_similarity
S1-20306842	S2-969480238	S2	om power private limited	ಓಂ ಪವರ್ ಪ್ರೈವೇಟ್ ಲಿಮಿಟೆಡ್	bangalore 10 1 bangalore 560 052 karnataka ground floor lakshminarayana complex palace road	10 1 bangalore 560 052 bangalore karnataka	india	india	0.122449	0.481203	1.0	both_name_and_address_weak	exact_name_blocking|exact_address_blocking|name_similarity|address_similarity
S1-95503899	S2-950137390	S2	unique investment limited	यूनिक इन्वेस्टमेंट लिमिटेड	h number 1152 kashiprayag bumglow champa nagari jail road dasak nasik road nashik maharashtra	h number 1152 nashik maharashtra	india	india	0.078431	0.512	1.0	name_variation_no_shared_tokens	name_similarity|exact_name_blocking
S1-95503899	S2-816744928	S2	unique investment limited	यूनिक इन्वेस्टमेंट लिमिटेड	h number 1152 kashiprayag bumglow champa nagari jail road dasak nasik road nashik maharashtra	number 1152 nashik maharashtra	india	india	0.078431	0.487805	1.0	both_name_and_address_weak	exact_name_blocking|exact_address_blocking|name_similarity|address_similarity
S1-713599256	S3-871190873	S3	infrastructure sai finvest limited	infrastructure sai limited partners	23 n w a club roadpunjabi bagh new delhi delhi		india	india	0.753623	0.0	0.0	missing_address_field	exact_address_blocking|address_similarity
S1-912858680	S2-861080628	S2	apex systems private limited	एपेक्स सिस्टम्स प्रा लि	302 3rd fl sr number 48 13 3 vijaylaxmi prestige rahatani kalewadi link road rahatani pune maharashtra	pune 302 maharashtra	india	india	0.117647	0.262295	0.25	both_name_and_address_weak	exact_name_blocking|exact_address_blocking|name_similarity|address_similarity
S1-912858680	S3-419436439	S3	apex systems private limited	एपेक्स सिस्टम्स प्रा लि	302 3rd fl sr number 48 13 3 vijaylaxmi prestige rahatani kalewadi link road rahatani pune maharashtra	302 pune महाराष्ट्र	india	india	0.117647	0.14876	0.25	both_name_and_address_weak	exact_name_blocking|exact_address_blocking|name_similarity|address_similarity
S1-780331711	S3-5305839	S3	orthopedic associates llc	orthopedic associates l l c	7380 westlake terrace bethesda md		us	us	0.961538	0.0	0.0	missing_address_field	exact_address_blocking|address_similarity
S1-414922041	S3-954183520	S3	vision logistics private limited	vision private limited center	delhi f f gali number 11 main market garhi h number 100 new delhi south delhi	h number 100 new delhi dl south delhi	india	india	0.721311	0.596491	0.5	moderate_similarity_below_retrieval_threshold	name_similarity|address_similarity
S1-738128949	S2-270745434	S2	black products private limited	ब्लैक प्रोडक्ट्स प्रा लि	c 304 wing 3rd floor interface heights chs l off link road malad west behind infini ty mall mumbai mumbai city maharashtra	महाराष्ट्र mumbai city plot 898 1 c 304 wing 3rd floor interface heights chs l off link road mumbai	india	india	0.111111	0.588235	0.5	name_variation_no_shared_tokens	name_similarity|exact_name_blocking
S1-995742594	S3-379801108	S3	jo ann avants multimedia incorporated	jo avants ann 6311830671	108 sudbury lane unit apartment b amherst ny	sudbury ln apartment b buffalo new york	us	us	0.393443	0.650602	0.0	name_token_order_variation	name_similarity|exact_name_blocking
S1-609758235	S3-479735972	S3	real constructions private limited	real cgrsoucions private limited	number 1 1st floor sri sai layout panthanur dinne bangalore north bangalore karnataka	number 1 9 bangalore north bengaluru rural ka	india	india	0.878788	0.538462	0.5	address_variation_near_threshold	address_similarity|exact_address_blocking
S1-305403960	S2-771841018	S2	urban food private limited	अर्बन फूड प्राइवेट लिमिटेड	5 east avas vikas colony betiahata gorakhpur uttar pradesh	5 east avas vikas colony betiahata civil lines उत्तर प्रदेश	india	india	0.115385	0.649573	1.0	name_variation_no_shared_tokens	name_similarity|exact_name_blocking
S1-339374417	S3-242628819	S3	yd services private limited	ydservices com	22 957 swasthi thanapadom sariga club road thanapadom kakkanad ernakulam kerala	22 957 ernakulam kl	india	india	0.585366	0.387755	1.0	address_token_order_or_variation	address_similarity|exact_address_blocking
S1-339374417	S3-571457223	S3	yd services private limited	yd private services limited	22 957 swasthi thanapadom sariga club road thanapadom kakkanad ernakulam kerala	22 957 ernakulam കേരളം	india	india	0.703704	0.336634	1.0	address_token_order_or_variation	address_similarity|exact_address_blocking
S1-499566732	S2-902678067	S2	mool system private limited	mool system	shop number 10 ballour road civil court bahadurgarh jhajjar haryana		india	india	0.578947	0.0	0.0	missing_address_field	exact_address_blocking|address_similarity
S1-863881054	S3-773798608	S3	rnd india enterprise private limited	rnd india enterprise private	ahmedabad gujarat 101 ahmedabad f f sumatinath complex opp kothawala appartments paldi	block e 103 101 ahmedabad ગુજરાત	india	india	0.875	0.288136	0.5	address_digit_variation	address_similarity|exact_address_blocking
S1-117866925	S3-265609575	S3	ho hernandez nichols	hohernandez com	105 cherokee drive thomasville nc	105 d cherokee dr north carolina thomasville	us	us	0.8	0.727273	1.0	address_variation_near_threshold	address_similarity|exact_address_blocking
S1-466794996	S2-528462830	S2	maglione suh hess incorporated	maglione suh	houston 12319 laneview drive tx	laneview dr houston cdp tx	us	us	0.571429	0.491228	0.0	address_similarity_below_top_k_threshold	address_similarity|exact_address_blocking
S1-385823757	S2-208238888	S2	suniti services private limited	sunitiservices	32 ezrz street 6th floor kolkata howrah west bengal	west bengal number 32 ezrz street 6th floor kolkata kolkata	india	india	0.622222	0.672727	1.0	moderate_similarity_below_retrieval_threshold	name_similarity|address_similarity
S1-380580331	S2-683490987	S2	aditika sports private limited	private aditika spórts limited	plot number 59 d g f k h number 419 western green farm n h 8 near shiv murti delhi south west delhi delhi	59 d delhi south west delhi delhi	india	india	0.7	0.478261	0.333333	address_digit_variation	address_similarity|exact_address_blocking
S1-440550738	S3-768617499	S3	shr polymers limited	shr limited center	plot number 159 khasra number 307 viddya vihar colony dayaram purwa juggour chinhat lucknow uttar pradesh	door number 159 lucknow up	india	india	0.578947	0.351145	0.5	address_digit_variation	address_similarity|exact_address_blocking
S1-282737265	S2-702587893	S2	community committee pllc	community committee p l l c	1435 allen lane conover nc		us	us	0.941176	0.0	0.0	missing_address_field	exact_address_blocking|address_similarity
S1-97581850	S3-60652506	S3	green exports private limited	ग्रीन एक्सपोर्ट्स प्राइवेट लिमिटेड	b 3 b 71c janakpuri new delhi west delhi delhi	b 3 new delhi west delhi dl	india	india	0.095238	0.739726	0.5	name_variation_no_shared_tokens	name_similarity|exact_name_blocking
S1-486296456	S2-440266189	S2	asset building fellowship	asset building services	1510 beaumont street sheppard afb tx		us	us	0.708333	0.0	0.0	missing_address_field	exact_address_blocking|address_similarity
S1-743857557	S3-933289917	S3	doreen terrell allied broadband	solorbi	240 summer street franklin ma	240 summer street pmb 1986 franklin massachusetts	us	us	0.157895	0.74359	0.5	name_variation_no_shared_tokens	name_similarity|exact_name_blocking
S1-42596820	S3-810444824	S3	lakshmi construction private limited	लक्ष्मी कंस्ट्रक्शन private limited	b 11 c 2 malviya nagar ind area jaipur rajasthan	jaipur b 011 c 2 ind area rj	india	india	0.478873	0.5	0.333333	name_abbreviation_or_suffix_variation	name_similarity|exact_name_blocking
S1-42596820	S3-878149194	S3	lakshmi construction private limited	lakshmi construction limited services	b 11 c 2 malviya nagar ind area jaipur rajasthan	b 011 c 2 ind area jaipur rj	india	india	0.767123	0.710526	0.333333	address_variation_near_threshold	address_similarity|exact_address_blocking
S1-506296494	S2-757441199	S2	pinnacle public	nylaarcsol	4400 culver road irondequoit ny	4400 culver road rochester ny	us	us	0.32	0.8	1.0	name_variation_no_shared_tokens	name_similarity|exact_name_blocking
S1-410304151	S2-854789573	S2	interstate health alliance incorporated	interstate health alliance ínc	1138 main street bldg acushnet fire department fire station 2 acushnet ma	1138 mani street acushnet ma	us	us	0.84058	0.534653	0.5	address_variation_near_threshold	address_similarity|exact_address_blocking
S1-975229569	S3-603710587	S3	better software services llc	quoriza	8 knollridge road asheville nc	knollridge road candler north carolina	us	us	0.114286	0.647059	0.0	name_variation_no_shared_tokens	name_similarity|exact_name_blocking
S1-942110962	S2-552679478	S2	allied dental associates	a1lied dental associates incorporated	13305 319th avenue arlington az	13026 319st avenue arlington cdp az	us	us	0.754098	0.848485	0.333333	near_match_outside_top_k	name_similarity|address_similarity
S1-862053862	S2-463433426	S2	universal company	synvera	85 vindhya commercial complex sector 11 cbd belapur navi mumbai navi mumbai mumbai city maharashtra	85 3 null mumbai city navi mumbai maharashtra	india	india	0.416667	0.5	0.333333	name_variation_no_shared_tokens	name_similarity|exact_name_blocking
S1-296658329	S3-412850205	S3	mother sons	mother enterprises	karhal chauraha main road sirsaganj firozabad uttar pradesh		india	india	0.62069	0.0	1.0	missing_address_field	exact_address_blocking|address_similarity
S1-686329764	S3-137574715	S3	heritage trust	heritage trust incorporated	182 jackson street unit unit b rialto ca	jackson street riato california	us	us	0.682927	0.647887	0.0	moderate_similarity_below_retrieval_threshold	name_similarity|address_similarity
S1-940275488	S2-310553268	S2	vee technologies private limited	veetechnologiesprivate com	flat number 6004 5 sector d pocket 68 vasant kunj new delhi delhi	6004 5 sector d pocket 68 vasant kunj delhi	india	india	0.827586	0.796296	1.0	near_match_outside_top_k	name_similarity|address_similarity
S1-940275488	S3-722267195	S3	vee technologies private limited	vee technologies	flat number 6004 5 sector d pocket 68 vasant kunj new delhi delhi	6004 5 new delhi दिल्ली	india	india	0.666667	0.386364	0.666667	address_digit_variation	address_similarity|exact_address_blocking
S1-987010400	S2-140661931	S2	sunrise consulting private limited	सनराइज कंसल्टिंग प्रा लि	a 3 shreepal complex near aradhana cinema thane maharashtra	a 3 mumbai thane महाराष्ट्र	india	india	0.103448	0.302326	1.0	both_name_and_address_weak	exact_name_blocking|exact_address_blocking|name_similarity|address_similarity
